Region,River,Riv,FishID,ng.Hg.g.DW,ng.Cd.g.DW,ng.Pb.g.DW,ng.Al.g.DW,ng.Cr.g.DW,ng.Mn.g.DW,ng.Fe.g.DW,ng.Co.g.DW,ng.Ni.g.DW,ng.Cu.g.DW,ng.Zn.g.DW,ng.As.g.DW,ng.Se.g.DW
Scheldt-EastBank,Velpe,ve,1,463.003663,NA,2197.802198,100741.3919,4688.644689,4026.373626,161875.4579,NA,12987.54579,15958.97436,84788.27839,23073.99267,35223.44322
Scheldt-EastBank,Velpe,ve,2,394.8557525,161.2791102,1201.251303,54612.44352,3303.441084,2541.536323,59895.72471,789.711505,11778.93639,9359.749739,91851.23392,22912.75634,21244.35176
Scheldt-EastBank,Velpe,ve,3,340.0121433,145.71949,893.7462052,40777.17061,2554.948391,2593.806922,62197.93564,650.8803886,10802.67152,7747.419551,138715.2398,631.4511233,4128.718883
Scheldt-EastBank,Velpe,ve,4,488.5496183,88.82720333,3168.170252,51508.67453,1558.177192,2002.313208,50091.14041,473.7450844,7635.438353,6743.465186,105715.4754,25989.35924,4700.43951
Scheldt-EastBank,Velpe,ve,5,363.1205674,NA,2821.749409,78411.34752,NA,4236.406619,154091.7258,NA,18186.28842,13178.25059,132077.5414,1656.737589,6430.260047
Scheldt-EastBank,Velpe,ve,6,516.3062135,142.8081016,1109.509097,37706.83145,2372.811535,2768.280124,57771.36972,560.2471679,10930.31239,6124.270512,101272.9145,30116.03158,6426.364573
Scheldt-EastBank,Velpe,ve,7,510.955711,108.1585082,1909.55711,75129.13753,2103.496503,1730.536131,61639.16084,417.7156177,7932.867133,22317.94872,110765.5012,2468.997669,4773.892774
Scheldt-EastBank,Velpe,ve,8,346.3203463,119.6379378,2354.978355,96560.40929,5685.950413,5043.683589,408324.2818,573.0027548,14375.44274,18197.56002,93506.49351,26005.50964,47540.33845
Scheldt-EastBank,Velpe,ve,9,274.6160795,66.48599819,505.8717254,57553.74887,1107.136405,1948.328817,38408.67209,251.4905149,5726.467931,16728.45528,152478.4101,21816.07949,3873.532069
Scheldt-EastBank,Velpe,ve,10,277.6148583,117.3020528,1227.761486,37845.5523,1364.613881,2033.235582,48715.54252,277.6148583,7608.993157,6138.807429,109259.042,7405.669599,4066.471163
Scheldt-EastBank,Velpe,ve,11,228.050171,72.97605473,592.9304447,30549.60091,3451.159255,2040.288864,66076.77689,258.4568605,7245.914101,5898.897758,99454.19992,9140.250855,2767.008742
Scheldt-EastBank,Velpe,ve,12,360.1286174,148.6245088,1080.385852,86756.69882,2503.75134,5756.341551,75489.81779,365.8449446,11821.36477,10878.17078,107163.9871,79811.3612,139649.875
Scheldt-EastBank,Velpe,ve,13,369.4083694,173.1601732,1512.265512,126932.1789,3261.183261,8542.568543,69852.81385,363.6363636,12236.65224,16796.5368,136432.9004,73945.16595,130216.4502
Scheldt-EastBank,Velpe,ve,14,177.1871539,118.1247693,2545.588778,64844.5921,3331.118494,3590.992986,96330.74935,484.3115541,11954.22665,NA,142245.8472,104026.5781,106016.9804
Scheldt-EastBank,Velpe,ve,15,277.4114774,93.77289377,1422.222222,68536.26374,1734.798535,6556.288156,61999.5116,304.7619048,7775.335775,14050.30525,151935.5311,29643.95604,4571.428571
Scheldt-EastBank,Velpe,ve,16,123.5521236,123.5521236,1287.001287,123315.3153,3052.767053,9564.993565,64056.62806,314.028314,10501.9305,11984.55598,105590.7336,100102.9601,136061.7761
Scheldt-EastBank,Velpe,ve,17,241.4698163,141.7322835,1170.603675,46283.46457,2734.908136,1921.259843,53370.07874,320.2099738,10488.18898,NA,114188.9764,15695.53806,16167.979
Scheldt-EastBank,Velpe,ve,18,148.8372093,99.2248062,1304.806202,42617.05426,2912.248062,2311.937984,54395.03876,233.1782946,10061.39535,10711.31783,101521.8605,83185.11628,117730.2326
Scheldt-EastBank,Velpe,ve,19,180.7909605,106.3476238,1233.632436,59086.73978,4360.252576,2265.204387,80446.66002,249.9169159,11006.97906,12591.55866,89215.0216,157442.3396,176164.8388
Scheldt-EastBank,Velpe,ve,20,164.2710472,104.0383299,1127.994524,96919.91786,4495.550992,2239.561944,77995.89322,229.9794661,11394.93498,6910.335387,106047.9124,118193.0185,161861.7385
Scheldt-EastBank,Velpe,ve,21,163.8225256,100.1137656,869.1695108,49246.87144,3949.943117,2079.63595,59203.6405,236.632537,9651.877133,10093.28783,98612.05916,123281.0011,142434.5848
Scheldt-EastBank,Velpe,ve,22,284.5469839,73.05936073,1007.450132,84114.39558,4202.835857,2384.042298,86017.78419,196.1067051,8574.861812,6959.865417,112534.4869,94165.82552,110511.8962
Scheldt-EastBank,Velpe,ve,23,111.1111111,111.1111111,384.2592593,34597.22222,1074.074074,3500,63865.74074,166.6666667,8060.185185,5648.148148,112800.9259,94805.55556,124212.963
Scheldt-EastBank,Velpe,ve,24,274.4787543,101.3460016,439.1660069,49190.81552,76.00950119,1418.844022,88065.45263,147.7962523,7351.807865,7394.035366,157065.1887,130727.8965,131074.162
Scheldt-EastBank,Velpe,ve,25,94.89916963,139.1854488,455.5160142,41742.98142,1891.656781,1714.511665,96708.58047,177.1451166,10862.79162,6035.587189,127493.8711,97119.8102,145258.9957
Maas,Witbeek,wit,26,145.8190932,102.0733652,630.667578,87600.82023,1064.47938,2099.794942,134233.7662,120.3007519,6375.93985,7608.111187,93426.29301,54547.27728,83080.42834
Maas,Witbeek,wit,27,217.7858439,111.3127647,NA,44689.65517,24.1984271,2269.812462,48459.77011,140.3508772,8053.23654,6954.627949,88396.8542,58095.58379,110199.637
Maas,Witbeek,wit,28,267.3521851,191.9451585,534.7043702,93100.25707,1144.815767,3009.425878,125470.437,116.538132,11550.98543,12832.90488,101401.8852,159746.3582,195167.0951
Maas,Witbeek,wit,29,356.5357225,69.8368941,327.1307144,45000.68918,635.8832989,3050.769584,69851.5966,73.5125201,6123.592924,6362.508615,114477.3719,59526.76315,82297.26625
Maas,Witbeek,wit,30,301.9359037,59.86660159,221.2461363,15331.0558,13.01447861,3425.410769,38455.18139,52.05791443,4370.261916,4883.032374,86580.12038,49358.71157,66686.18838
Maas,Witbeek,wit,31,209.0309488,50.73566717,164.3835616,34212.07509,103.500761,1909.690512,41333.33333,85.23592085,3470.319635,4308.472856,133327.2451,63610.35008,58143.07458
Maas,Witbeek,wit,32,266.1996497,116.7542323,364.2732049,64882.662,443.6660829,2699.357852,76656.15879,88.73321658,8434.325744,5767.659078,92483.36252,87075.30648,119976.6492
Maas,Witbeek,wit,33,84.44162972,60.7979734,266.8355499,22113.57399,753.2193371,1823.939202,58737.59764,81.06396453,5667.722187,7032.298923,101860.2491,34043.48744,47050.87608
Maas,Witbeek,wit,34,285.4144806,37.30908243,212.6617698,27470.67739,1380.43605,1641.599627,71590.53282,63.42544013,3729.042789,6659.671214,92397.80809,48106.33088,52643.11531
Maas,Witbeek,wit,35,140.5269762,153.9104977,401.5056462,87106.64994,890.0041824,2301.965705,56197.40694,133.8352154,12212.4634,5955.667085,98569.63614,288649.1008,248598.9126
Maas,Witbeek,wit,36,367.2748676,109.8685501,348.440259,33086.1291,1378.065529,3927.015892,42384.14754,75.33843437,5349.02884,8528.938591,129698.2539,111086.5215,103558.9562
Maas,Witbeek,wit,37,178.0089582,53.17150701,108.6548187,25755.81563,11300.10114,6845.253576,71157.3472,108.6548187,9723.450368,3463.083369,76707.99017,88223.08915,78485.76795
Maas,Witbeek,wit,38,183.3747584,44.18668876,119.3040597,12628.55565,8170.118752,2043.634355,58569.45595,79.53603977,6859.98343,3510.632422,90655.61999,38787.07539,55542.66777
Maas,Witbeek,wit,39,318.7250996,89.24302789,446.2151394,48594.95352,8703.320053,NA,68755.37849,97.74236388,11027.88845,7305.179283,177249.4024,149239.8406,139176.6268
Maas,Witbeek,wit,40,473.8172625,34.6695558,129.047791,33675.6952,814.7345612,1700.73432,31951.84784,36.59564223,3632.599013,5764.776694,122658.9623,61544.2398,60825.80956
Maas,Witbeek,wit,41,364.3076923,88.61538462,708.9230769,30608.41026,3790.769231,6367.179487,65007.58974,85.33333333,6455.794872,5192.205128,120457.8462,106466.4615,101546.6667
Maas,Witbeek,wit,42,322.6135784,46.96273609,144.9719245,14542.11332,6644.206228,5649.821337,86676.87596,214.3950995,6883.103624,5623.277182,124941.2966,84739.15263,68422.66462
Maas,Witbeek,wit,43,297.9351032,56.04719764,351.0324484,58020.64897,8539.823009,NA,105123.8938,115.0442478,7879.056047,6023.59882,205117.9941,105666.6667,93539.82301
Maas,Witbeek,wit,44,0.522568424,10.9739369,11.49650532,0.522568424,2.612842119,2.612842119,2.612842119,0.522568424,780.1946567,25.60585277,51.73427396,2218.302959,17307.4662
Maas,Witbeek,wit,45,3.640500569,58.2480091,69.16951081,3.640500569,18.20250284,18.20250284,18.20250284,3.640500569,5282.366325,61.88850967,425.9385666,18559.2719,100186.5757
Maas,Witbeek,wit,46,195.9952886,37.69140165,122.4970554,16035.80683,5680.094229,6601.648999,51020.96584,90.45936396,5431.330978,3705.064782,105483.1567,25841.22497,27043.58068
Maas,Witbeek,wit,47,231.8392581,95.2196953,215.2793111,15880.98918,NA,4127.566792,154152.4067,293.9390594,22976.92647,4450.485758,105441.3226,33231.67366,47195.84897
Maas,Witbeek,wit,48,293.144208,75.6501182,233.2545311,40847.91174,10717.10008,1862.884161,64148.14815,78.80220646,9412.13554,5090.622537,109929.078,62250.59102,79085.89441
Maas,Witbeek,wit,49,126.8799562,100.6289308,201.2578616,55590.92152,14433.68882,2821.985234,81719.44217,91.87858901,13199.89062,3500.136724,70619.63358,42342.90402,83390.75745
Maas,Witbeek,wit,50,187.3038861,46.34322954,110.0651702,16828.38523,9011.827178,1712.768525,62615.49602,98.47936278,7262.370263,3535.602221,119548.1535,74826.937,64552.25682
Maas,Itterbeek,itt,51,29.85074627,29.85074627,29.85074627,133522.3881,1373.134328,5044.776119,90507.46269,29.85074627,1253.731343,2656.716418,103432.8358,191970.1493,73731.34328
Maas,Itterbeek,itt,52,118.7824796,7.423904974,7.423904974,131388.2702,927.9881218,2123.236823,85129.91834,7.423904974,1336.302895,2717.14922,67988.12175,153066.0728,2999.25761
Maas,Itterbeek,itt,53,114.7776184,14.3472023,14.3472023,108450.5022,1836.441894,1994.261119,1411535.151,14.3472023,1362.984218,2998.56528,73988.52224,209756.0976,77589.67001
Maas,Itterbeek,itt,54,132.0754717,6.289308176,6.289308176,31893.08176,1333.333333,446.5408805,45459.1195,6.289308176,1308.176101,1257.861635,43899.37107,31.44654088,2446.540881
Maas,Itterbeek,itt,55,175.4385965,13.49527665,13.49527665,83819.16329,958.1646424,391.3630229,48502.02429,13.49527665,1093.117409,3103.91363,72847.50337,189298.2456,85452.09177
Maas,Itterbeek,itt,56,89.55223881,9.950248756,9.950248756,66179.10448,2567.164179,845.7711443,44398.00995,9.950248756,1194.029851,1950.248756,60746.26866,137253.7313,26129.35323
Maas,Itterbeek,itt,57,109.7804391,4.99001996,4.99001996,37649.7006,174.6506986,1801.397206,34780.43912,64.87025948,858.2834331,2684.630739,72150.6986,68413.17365,13108.78244
Maas,Itterbeek,itt,58,110.5990783,9.216589862,9.216589862,88921.65899,4110.599078,1096.774194,115889.4009,9.216589862,2165.898618,2396.313364,57447.00461,8304.147465,1382.488479
Maas,Itterbeek,itt,59,20.36659878,20.36659878,20.36659878,172097.7597,4989.816701,5560.081466,238513.2383,20.36659878,2892.057026,2118.126273,100183.2994,479959.2668,NA
Maas,Itterbeek,itt,60,44.51038576,14.83679525,14.83679525,116068.2493,1335.311573,593.4718101,91899.10979,14.83679525,1899.109792,1706.231454,72255.19288,74.18397626,2833.827893
Maas,Itterbeek,itt,61,34.96503497,34.96503497,34.96503497,NA,4160.839161,174.8251748,263636.3636,34.96503497,4580.41958,6188.811189,92937.06294,NA,NA
Maas,Itterbeek,itt,62,192.7570093,5.841121495,5.841121495,51407.71028,297.8971963,6869.158879,43218.45794,NA,7237.149533,2721.962617,83241.82243,19310.74766,7704.439252
Maas,Itterbeek,itt,63,166.8404588,10.42752868,10.42752868,101532.8467,688.2168926,2648.592284,69541.18874,10.42752868,5192.909281,2544.316997,73660.06257,214056.3087,37768.50886
Maas,Itterbeek,itt,64,108.3423619,5.417118093,5.417118093,67459.37161,97.50812568,3591.549296,51923.07692,5.417118093,2210.184182,2042.253521,66733.47779,24290.35753,11966.41387
Maas,Itterbeek,itt,65,183.8440111,5.571030641,NA,114155.9889,4089.13649,6713.091922,167242.3398,5.571030641,2740.947075,6155.988858,83938.71866,69548.74652,17504.17827
Maas,Itterbeek,itt,66,148.5148515,9.900990099,9.900990099,84861.38614,2108.910891,801.980198,93465.34653,79.20792079,1069.306931,2376.237624,57465.34653,159039.604,68435.64356
Maas,Itterbeek,itt,67,105.1709027,8.764241893,8.764241893,98045.57406,350.5696757,10517.09027,79158.63278,NA,NA,2129.71078,60061.34969,61691.49869,10780.01753
Maas,Itterbeek,itt,68,158.7301587,13.22751323,13.22751323,133108.4656,1124.338624,2619.047619,194669.3122,NA,NA,1574.074074,76521.16402,66.13756614,7711.640212
Maas,Itterbeek,itt,69,21.45922747,21.45922747,21.45922747,202017.1674,1309.012876,107.2961373,175901.2876,21.45922747,1587.982833,2339.055794,50364.80687,NA,NA
Maas,Itterbeek,itt,70,205.9202059,12.87001287,12.87001287,134877.7349,3642.213642,1698.841699,137425.9974,12.87001287,2960.10296,2458.172458,67078.50708,21132.56113,10064.35006
Maas,Itterbeek,itt,71,25.83979328,25.83979328,25.83979328,NA,3591.731266,3307.49354,297028.4238,25.83979328,1627.906977,1731.26615,95297.15762,NA,NA
Maas,Itterbeek,itt,72,12.78772379,12.78772379,12.78772379,NA,2199.488491,9526.85422,57007.67263,NA,NA,5690.537084,73056.26598,80703.32481,16726.34271
Maas,Itterbeek,itt,73,30.95975232,30.95975232,30.95975232,NA,6656.346749,5603.71517,586068.1115,30.95975232,3157.894737,3467.49226,103343.6533,240804.9536,157275.5418
Maas,Itterbeek,itt,74,NA,NA,NA,NA,NA,NA,NA,NA,NA,NA,NA,NA,NA
Maas,Itterbeek,itt,75,NA,NA,NA,NA,NA,NA,NA,NA,NA,NA,NA,NA,NA
Maas,Bosbeek,bos,76,188.4872825,111.3788487,282.7309237,73685.67604,16252.74431,2754.484605,106756.6265,171.352075,14744.84605,6849.799197,65353.68139,179572.6908,142607.7644
Maas,Bosbeek,bos,77,188.1746415,64.44337039,907.3626551,62672.46657,5874.657645,16824.87514,82577.73482,100.5316578,7764.137264,5026.58289,160376.3493,103349.122,81430.64282
Maas,Bosbeek,bos,78,103.803132,85.90604027,1152.572707,70052.79642,6392.841163,NA,752547.651,229.082774,9775.391499,8665.771812,214482.3266,171647.4273,126568.2327
Maas,Bosbeek,bos,79,77.50865052,99.65397924,306.343714,52480.73818,7138.177624,2166.551326,71282.12226,84.89042676,10131.48789,5248.442907,111350.4037,15881.89158,29859.28489
Maas,Bosbeek,bos,80,116.6666667,133.3333333,572.2222222,104916.6667,15511.11111,9983.333333,225322.2222,133.3333333,16983.33333,NA,129511.1111,314455.5556,191388.8889
Maas,Bosbeek,bos,81,81.03830326,106.362773,410.2564103,17681.54479,10231.08579,2127.255461,77543.52643,81.03830326,13715.73283,5085.15353,95169.35739,188064.5774,159240.2659
Maas,Bosbeek,bos,82,8.686210641,182.4104235,903.3659066,121294.2454,21524.42997,NA,161459.2834,217.155266,28013.02932,NA,237932.6819,317976.1129,269793.7025
Maas,Bosbeek,bos,83,165.5172414,104.2145594,245.210728,30038.31418,10078.16092,2826.05364,232956.3218,85.82375479,16582.37548,5756.321839,107224.5211,236891.954,194758.6207
Maas,Bosbeek,bos,84,NA,67.54772394,346.5491924,14384.72834,NA,8234.948605,1226044.053,575.6240822,31301.0279,5016.152717,256907.489,127342.1439,96886.93098
Maas,Bosbeek,bos,85,256.5063502,69.95627733,333.1251301,15480.3248,7295.44035,6422.652509,76861.96127,69.95627733,9467.416198,4873.620654,133403.2896,122173.6415,105867.1664
Maas,Bosbeek,bos,86,87.68167739,99.11841792,NA,9469.621158,6160.590898,2066.237789,87399.57112,76.24493686,10251.13176,8924.469859,100681.4391,133504.8844,115167.9771
Maas,Bosbeek,bos,87,112.3165284,85.08827909,187.194214,16374.38843,6146.777281,2307.594129,101629.4405,47.64943629,9288.236545,4550.521166,62601.14869,127697.0857,101050.8402
Maas,Bosbeek,bos,88,209.2414996,116.2452775,492.8799768,45995.93142,7304.85324,7323.452485,134309.7937,97.64603313,12094.15867,6216.797443,146664.3418,130329.5554,123684.9753
Maas,Bosbeek,bos,89,5.803409503,150.8886471,1120.058034,30560.75444,15367.42836,NA,155461.7338,98.65796155,16313.38411,8774.755169,160580.341,272586.1444,205614.7987
Maas,Bosbeek,bos,90,313.1899397,50.98440879,220.3254808,10994.42358,3523.386821,12631.38728,62084.44293,58.26789576,4910.891089,4264.481621,116275.4069,40219.41504,43919.42643
Maas,Bosbeek,bos,91,105.8601134,85.69628229,277.252678,67508.50662,11463.138,3594.202899,107695.0221,95.77819786,16897.29049,5126.654064,110583.4909,121547.574,122243.2262
Maas,Bosbeek,bos,92,330.5358296,68.86163116,158.3817517,19243.38283,5891.112546,3071.22875,65353.13105,58.53238649,9038.08909,3797.718958,92529.37379,79548.95632,87695.28728
Maas,Bosbeek,bos,93,131.5789474,175.4385965,640.3508772,NA,13245.61404,7184.210526,161666.6667,78.94736842,22877.19298,5885.964912,102421.0526,152991.2281,191842.1053
Maas,Bosbeek,bos,94,34.74484256,182.4104235,1276.872964,62462.54072,21203.04017,2918.566775,113537.4593,138.9793702,24634.09338,8651.465798,131648.2085,363943.5396,276047.7742
Maas,Bosbeek,bos,95,33.15571344,104.2036708,397.8685613,33510.95323,16189.46122,6498.519834,126967.4364,66.31142688,12840.73416,4911.78212,129089.402,308063.9432,169283.5998
Maas,Bosbeek,bos,96,8.786381109,158.15486,694.1241076,137726.5239,16219.65953,3470.620538,164973.0917,105.4365733,23398.13289,9155.409116,144694.1241,359696.8699,284942.3394
Maas,Bosbeek,bos,97,101.4062191,72.88571994,NA,32662.30937,5640.720935,7050.901169,154695.1872,101.4062191,9240.641711,6638.938404,182043.1769,358978.0154,132525.2525
Maas,Bosbeek,bos,98,116.575592,145.71949,1624.772313,145428.051,13806.92168,3009.107468,146375.2277,174.863388,21610.20036,NA,138987.2495,945165.7559,304335.1548
Maas,Bosbeek,bos,99,101.7035342,109.8398169,402.7459954,33834.73176,9535.723366,2957.538774,103867.7854,117.9760997,13075.00636,8193.236715,117040.4272,578009.6618,166102.2121
Maas,Bosbeek,bos,100,155.5113762,130.77093,356.9692953,22068.47802,7803.843605,8507.179147,104199.6907,187.3205213,10952.94897,6075.54672,162410.4263,456312.7899,150209.852
Maas,Jeker,jek,101,79.17992223,33.93425239,703.1931189,23650.28868,5627.430187,NA,109958.2891,107.4584659,5453.988453,5714.151055,234446.094,155198.3033,71111.11111
Maas,Jeker,jek,102,439.3358876,122.605364,756.0664112,31739.4636,16490.42146,2068.965517,106518.5185,224.7765006,20086.84547,8066.411239,173563.2184,553021.7114,211545.3384
Maas,Jeker,jek,103,50.63291139,106.8917018,523.2067511,28196.90577,29563.99437,4742.616034,154300.9845,129.395218,21153.3052,6666.666667,120123.7693,572500.7032,230829.8172
Maas,Jeker,jek,104,42.32804233,57.4452003,256.9916856,12529.10053,16072.56236,2657.596372,94482.23734,99.77324263,11800.45351,4190.47619,110101.285,372647.0144,129735.4497
Maas,Jeker,jek,105,77.1549126,115.7323689,380.952381,27332.12779,17123.56841,2980.108499,92267.6311,96.44364075,14833.03195,6746.23267,96723.32731,449157.3237,193948.1615
Maas,Jeker,jek,106,101.3790533,37.76866692,427.3822835,9249.347745,10785.93614,9694.62045,63109.45459,81.50080755,7442.415207,3673.499814,186618.9589,56334.94844,36118.77252
Maas,Jeker,jek,107,91.22006842,164.1961231,693.27252,73687.57127,34274.42037,8039.528696,185413.9111,212.8468263,23565.18434,10326.11174,187256.5564,431172.938,217225.3896
Maas,Jeker,jek,108,78.0322307,74.63952502,797.2858355,26907.54877,15124.68193,8966.92112,83986.42918,88.21034775,11111.11111,4858.354538,298008.4818,130982.1883,104088.2103
Maas,Jeker,jek,109,29.143898,126.2902247,369.1560413,30766.24165,22630.23679,3094.110504,123681.8458,121.4329083,17156.04129,6008.500304,149989.071,536170.0061,196769.8846
Maas,Jeker,jek,110,68.40435802,55.16480485,255.9646945,10287.13281,9404.495932,2599.365605,66674.38974,156.6680458,12222.31416,3345.193766,88091.57358,127719.7628,82438.28437
Maas,Jeker,jek,111,111.9370354,48.972453,137.5892727,17021.42545,12317.73794,2709.809066,68827.28465,107.2729923,8754.408978,3714.910363,115934.1204,94516.83428,72269.34849
Maas,Jeker,jek,112,7.256235828,210.430839,1596.371882,56170.52154,30889.79592,4172.335601,200185.034,457.1428571,30889.79592,5659.863946,182276.644,162917.0068,179954.6485
Maas,Jeker,jek,113,54.77107403,82.15661104,482.6700899,12474.11211,14305.5199,4402.225075,77350.44929,109.5421481,11477.9632,4624.732563,174606.7608,117860.5049,108275.567
Maas,Jeker,jek,114,504.5045045,85.8000858,312.3123123,56501.0725,20166.45217,2302.874303,98972.11497,82.36808237,12643.50064,4389.53239,110949.8069,53460.31746,6486.486486
Maas,Jeker,jek,115,16.24777862,101.5486164,1027.671998,24493.52628,18546.8393,16865.19421,117178.9794,194.9733435,15922.82305,4748.413303,NA,24952.52602,5524.244732
Maas,Jeker,jek,116,74.74140807,117.4507841,464.4644645,75339.33934,24467.1338,2493.159826,105572.2389,69.40273607,18354.35435,4633.967301,107713.0464,90367.70103,128128.1281
Maas,Jeker,jek,117,136.0687358,35.06926179,214.6238822,8559.705418,11415.7461,6549.535332,64464.31703,91.18008066,6998.421883,3570.05085,122449.2372,12686.65615,3184.288971
Maas,Jeker,jek,118,45.97701149,107.2796935,337.164751,76357.59898,13501.91571,3141.762452,80991.06003,15.3256705,13782.88633,6094.508301,143974.4572,121849.2976,146768.8378
Maas,Jeker,jek,119,111.9592875,91.60305344,508.9058524,36290.07634,15679.38931,4473.282443,86783.71501,20.3562341,14737.91349,4870.229008,NA,20086.51399,15012.72265
Maas,Jeker,jek,120,106.7831574,50.47931076,446.5477491,12066.49678,6424.463051,11210.29001,67558.79141,50.47931076,6041.985196,4030.578813,145541.5605,16908.62759,4135.420459
Maas,Jeker,jek,121,35.1207275,60.20696143,888.0526811,13265.6005,7192.223267,10011.91596,73936.65726,140.48291,7277.516463,3364.06397,249858.8899,17071.18219,4214.4873
Maas,Jeker,jek,122,113.2478632,44.87179487,314.1025641,9613.247863,6940.17094,16660.25641,66698.71795,70.51282051,6348.290598,5726.495726,142230.7692,64871.79487,41260.68376
Maas,Jeker,jek,123,134.7694007,33.14001657,313.7254902,7946.975973,6526.37393,2425.849213,43870.75394,24.30267882,6201.601767,3327.257664,58646.78266,1555.371444,3998.895333
Maas,Jeker,jek,124,421.2405176,78.53636769,253.4582776,11302.09728,9531.45917,1820.615797,62639.8929,3.569834895,9642.124052,3366.354306,70282.90942,119800.0892,107809.0138
Maas,Jeker,jek,125,249.8698594,31.92781537,134.6520909,3753.600555,3303.834808,2622.245358,44816.93562,23.59882006,3582.856151,3009.54364,96519.17404,1450.633351,5108.45046
Maas,Dommel,dom,126,236.8082368,118.4041184,458.1724582,21889.31789,6630.630631,2311.454311,54512.22651,241.956242,12859.71686,5662.805663,178064.3501,66496.7825,104607.4646
Maas,Dommel,dom,127,343.5582822,88.34355828,435.1738241,146149.6933,7721.881391,1874.846626,58326.38037,137.4233129,8837.627812,4158.691207,151757.8732,1151.738241,4286.298569
Maas,Dommel,dom,128,167.0958512,61.80257511,160.2288984,17735.05007,4017.167382,1551.93133,33810.58655,91.55937053,6342.775393,2765.09299,131614.3062,25002.57511,4600.858369
Maas,Dommel,dom,129,180.338134,80.15028178,267.1676059,15562.51305,9825.088708,1582.968065,68024.21206,110.2066374,9537.883532,3937.382592,132972.6571,10589.85598,4541.849301
Maas,Dommel,dom,130,236.1847086,60.56018168,276.558163,14893.76735,5343.426697,1544.284633,45038.60712,187.7365632,6183.19455,3716.376482,131443.8557,2034.822104,4562.200353
Maas,Dommel,dom,131,219.6271256,91.7844704,324.5236632,66274.94366,8719.524688,2068.428601,61082.56505,91.7844704,9021.102233,4068.018849,85752.91948,11473.0588,4228.641672
Maas,Dommel,dom,132,297.1216342,133.7047354,1634.168988,21288.76509,15237.38781,4278.551532,882951.4082,311.9777159,15390.90065,5189.724543,131124.7292,1535.128443,3862.581244
Maas,Dommel,dom,133,30.36053131,78.43137255,369.3864643,9115.749526,6985.452245,1308.032891,64293.48514,113.8519924,8554.079696,2271.97976,69728.02024,3306.767868,5920.303605
Maas,Dommel,dom,134,256.2562563,116.1161161,372.3723724,16592.59259,10558.55856,2018.018018,103031.031,108.1081081,11491.49149,4676.676677,118722.7227,44352.35235,49209.20921
Maas,Dommel,dom,135,92.1028962,71.95538766,212.9879475,65188.703,8053.246987,1709.660011,62169.45494,112.2504047,8459.075373,5557.834143,87808.59867,26039.21569,3252.383522
Maas,Dommel,dom,136,25.93192869,116.6936791,371.6909778,13968.66559,12222.58239,1797.947056,91496.48838,64.82982172,12417.07185,4438.681794,95550.51324,95541.86926,111723.3928
Maas,Dommel,dom,137,306.2200957,91.13693324,346.3203463,17840.96605,9890.179995,2792.435635,60730.00684,171.3374345,10604.69355,4272.49943,132699.0203,41605.83276,27195.26088
Maas,Dommel,dom,138,175.8241758,269.5970696,961.1721612,141139.9267,NA,3047.619048,166423.4432,93.77289377,33898.9011,6915.750916,103314.2857,14452.74725,8908.424908
Maas,Dommel,dom,139,320,163.1372549,476.8627451,48363.92157,17543.52941,2145.882353,89035.29412,282.3529412,17907.45098,8144.313725,186409.4118,98233.72549,156298.0392
Maas,Dommel,dom,140,287.5,104.1666667,520.8333333,35150,445.8333333,1687.5,42995.83333,191.6666667,8704.166667,3562.5,131487.5,87729.16667,109833.3333
Maas,Dommel,dom,141,98.3750549,203.7768994,1187.527448,37656.56566,772.9468599,NA,51063.68028,203.7768994,13006.58762,6078.173035,207381.6425,34115.06368,28599.03382
Maas,Dommel,dom,142,203.480589,160.6425703,749.665328,14093.70817,26.77376171,1419.009371,28690.76305,5.354752343,9231.593039,5033.467202,80203.48059,128851.4056,156251.6734
Maas,Dommel,dom,143,72.72727273,218.1818182,856.5656566,25325.25253,1947.474747,3507.070707,37600,8.080808081,14359.59596,5632.323232,140016.1616,127393.9394,181656.5657
Maas,Dommel,dom,144,48.63221884,218.8449848,980.7497467,62678.82472,1556.231003,656.5349544,39627.15299,8.105369807,15027.35562,5843.971631,117414.387,104859.1692,181803.4448
Maas,Dommel,dom,145,299.0300449,132.4816655,1010.645848,62607.04992,1362.668559,NA,55986.75183,215.7558552,6714.927845,6472.675656,172687.9584,64397.445,63061.27277
Maas,Dommel,dom,146,259.9090318,291.0981157,1902.534113,66775.82846,10136.45224,NA,220340.4808,155.9454191,21291.74789,NA,265907.7323,158378.1676,167173.4893
Maas,Dommel,dom,147,155.4438861,182.2445561,895.1423786,19768.1742,1039.865997,1302.512563,66583.58459,85.76214405,9600,8490.452261,63405.02513,91020.43551,124569.5142
Maas,Dommel,dom,148,133.7047354,341.6898793,1455.896007,169091.922,8185.701021,3461.467038,78826.36955,252.553389,29429.89786,NA,168987.9294,252419.6843,350157.8459
Maas,Dommel,dom,149,332.4675325,415.5844156,817.3160173,42458.87446,4280.519481,3532.467532,91927.27273,138.5281385,26985.28139,10126.40693,229028.5714,348259.7403,380398.2684
Maas,Dommel,dom,150,87.19346049,334.2415985,2543.142598,95534.96821,1060.853769,1584.014532,102815.6222,14.53224342,26434.15077,NA,176174.3869,154681.1989,292970.0272
Maas,Erkbeek,erk,151,71.40405081,192.2416752,1263.302437,18850.66941,494.3357364,1971.850326,57244.07827,5.492619293,9776.862341,5728.801922,140380.3639,107204.9434,134459.3203
Maas,Erkbeek,erk,152,71.77570093,53.8317757,249.2211838,7329.096573,NA,1425.545171,33122.49221,5.981308411,4003.489097,2938.816199,89763.4891,11304.6729,2611.838006
Maas,Erkbeek,erk,153,24.86402486,205.1282051,472.4164724,27108.00311,49.72804973,1591.297591,46017.09402,6.216006216,10790.98679,4543.900544,130828.2828,108506.6045,147816.6278
Maas,Erkbeek,erk,154,90.0140647,174.4022504,1609.001406,22976.09001,827.0042194,1772.151899,63082.98172,5.625879044,11842.47539,NA,149794.6554,113929.6765,134964.8383
Maas,Erkbeek,erk,155,155.8441558,233.7662338,432.9004329,11445.88745,571.4285714,926.4069264,48995.671,8.658008658,15246.75325,5645.021645,98761.90476,151636.3636,207965.368
Maas,Erkbeek,erk,156,258.2897033,101.2216405,195.4624782,9465.968586,NA,1218.150087,45685.86387,3.490401396,7602.094241,3490.401396,77284.46771,1584.642234,2373.472949
Maas,Erkbeek,erk,157,246.2020974,47.04498677,244.6339312,8443.006959,7.840831128,1397.236107,29340.39008,NA,3818.484759,2701.950407,82664.31442,13276.09527,2665.882584
Maas,Erkbeek,erk,158,135.2761288,83.46824969,172.6929304,14822.80986,759.8488937,1332.613779,44180.60802,2.878215506,5103.076093,4003.597769,127991.3654,22349.34341,3079.690592
Maas,Erkbeek,erk,159,NA,NA,NA,NA,NA,NA,NA,NA,NA,NA,NA,NA,NA
Maas,Erkbeek,erk,160,115.3932838,90.15100293,274.0590489,6137.480279,861.843588,1550.59725,44768.98805,3.606040117,7179.625873,3580.797836,130282.6234,6696.416498,2920.892495
Maas,Erkbeek,erk,161,131.1128734,57.09754163,644.9907481,6422.416072,14.80306635,5386.201427,33643.14036,23.26196141,4975.945017,2981.760508,114450.9648,31401.53317,3024.054983
Maas,Erkbeek,erk,162,183.1792162,109.2029943,250.1100837,14999.55967,1768.383972,1271.686482,68216.64465,3.522677235,7136.944077,3853.808895,115818.5821,51691.76574,45512.98987
Maas,Erkbeek,erk,163,81.65457964,120.3330647,373.8920226,21144.23852,257.8565673,2187.483212,35846.36046,4.297609455,8461.993016,3983.883965,136264.303,55159.81735,59435.93876
Maas,Erkbeek,erk,164,192.9128069,63.52007058,251.7276871,12758.12381,51.75709454,3373.621526,49239.81767,2.352595207,5025.143361,3538.303191,134410.8219,23078.95898,3246.581385
Maas,Erkbeek,erk,165,3.670566644,95.43473274,220.2339986,9187.428309,345.0332645,1020.417527,181388.3918,3.670566644,7260.380821,2778.618949,70878.64189,26057.3526,20518.46754
Maas,Erkbeek,erk,166,112.9207383,63.69887803,295.3311618,11494.75208,529.8588491,1352.153456,55128.48353,2.895403547,5961.635903,3074.918567,114768.0058,16636.98878,2982.265653
Maas,Erkbeek,erk,167,28.84832094,75.72684246,418.3006536,15441.06378,50.48456164,1669.596574,41606.49087,3.606040117,7421.230561,3580.797836,78889.33964,33460.44625,22465.62993
Maas,Erkbeek,erk,168,109.6829477,356.4695801,740.3598972,NA,NA,2440.445587,115907.455,13.71036847,28037.70351,NA,149676.0925,103979.4344,125586.9751
Maas,Erkbeek,erk,169,145.8190932,123.9462292,346.3203463,8457.507405,277.0562771,1622.237412,32696.28617,3.64547733,7830.485304,3842.333105,90382.31943,16812.94144,12759.17065
Maas,Erkbeek,erk,170,124.6521981,124.6521981,1015.025042,14842.5153,146.9115192,1166.388425,48925.98776,4.451864218,9006.121313,3855.314413,125827.4903,34964.94157,26176.9616
Maas,Erkbeek,erk,171,196.670019,62.57682423,219.9128394,14408.76076,741.9823444,1217.566209,48806.34708,NA,4423.287518,2887.473461,92869.37088,4171.192312,2324.282043
Maas,Erkbeek,erk,172,8.793624622,63.75377851,468.2605111,10794.17422,298.9832372,2479.802143,27106.3479,21.98406156,5306.952459,2558.944765,59429.5136,16316.57049,2198.406156
Maas,Erkbeek,erk,173,9.356725146,205.8479532,570.7602339,NA,1384.795322,2011.695906,79242.10526,9.356725146,18797.66082,NA,134980.117,67555.55556,120795.3216
Maas,Erkbeek,erk,174,NA,139.7379913,768.558952,20966.52111,139.7379913,4943.231441,51377.00146,5.822416303,11743.81368,3767.103348,140302.7656,17269.28675,2212.518195
Maas,Erkbeek,erk,175,71.13316791,49.62779156,339.1232423,8554.177006,145.5748553,2669.975186,51856.0794,NA,5310.173697,3002.48139,82947.89082,13738.62696,3870.967742
Maas,Abeek,abe,176,57.28470498,1.909490166,1.909490166,17645.59863,9.547450831,1170.517472,27618.86576,28.64235249,1166.698492,2814.588505,59463.43326,18829.48253,2585.449685
Maas,Abeek,abe,177,4.008016032,4.008016032,4.008016032,60008.01603,20.04008016,2480.961924,47106.21242,4.008016032,1246.492986,2076.152305,79903.80762,9122.244489,2124.248497
Maas,Abeek,abe,178,10.06711409,3.355704698,3.355704698,NA,83.89261745,1234.899329,34953.02013,16.77852349,939.5973154,2697.986577,62275.16779,10046.97987,5291.946309
Maas,Abeek,abe,179,22.34636872,3.724394786,3.724394786,43124.76723,18.62197393,849.1620112,34495.34451,3.724394786,1150.837989,1918.063315,45310.98696,79623.83613,37702.04842
Maas,Abeek,abe,180,4.029008864,4.029008864,4.029008864,55999.1942,48.34810637,2042.707494,49218.37228,4.029008864,773.5697019,1861.402095,61684.12571,4879.129734,5616.438356
Maas,Abeek,abe,181,47.72091493,1.645548791,1.645548791,14842.85009,NA,1369.096594,35458.28534,16.45548791,776.6990291,1887.444463,40541.38555,26044.10071,2109.593549
Maas,Abeek,abe,182,38.7508548,2.279462047,2.279462047,25621.15341,34.1919307,2165.488945,44465.46615,11.39731023,414.8620925,3090.950536,70863.91612,31748.34739,1942.101664
Maas,Abeek,abe,183,26.93965517,2.693965517,2.693965517,26751.07759,134.6982759,1893.857759,37136.31466,2.693965517,783.9439655,2055.49569,38321.65948,8933.189655,2750.538793
Maas,Abeek,abe,184,46.68049793,1.728907331,1.728907331,14005.87828,12.10235131,1652.835408,24690.52559,1.728907331,395.9197787,2237.206086,58670.47026,8.644536653,1122.060858
Maas,Abeek,abe,185,34.97726478,3.497726478,3.497726478,34050.36726,34.97726478,839.4543547,33735.57188,3.497726478,545.6453305,2318.992655,59171.03882,192749.213,60647.0794
Maas,Abeek,abe,186,30.90234858,3.090234858,3.090234858,32215.69839,15.45117429,1149.567367,37030.2843,3.090234858,1418.4178,2070.457355,58461.06304,25182.32386,14029.66625
Maas,Abeek,abe,187,3.903200625,3.903200625,3.903200625,34929.74239,19.51600312,1088.992974,63715.84699,3.903200625,491.8032787,2572.209212,63227.94692,37408.27479,10202.96643
Maas,Abeek,abe,188,12.71186441,4.237288136,4.237288136,76665.25424,NA,1050.847458,60046.61017,4.237288136,635.5932203,2588.983051,85258.47458,21.18644068,1894.067797
Maas,Abeek,abe,189,45.06940689,1.802776275,1.802776275,18004.32666,36.05552551,883.360375,29082.38688,14.4222102,813.0521002,2282.314765,53392.82495,229536.6865,46740.58049
Maas,Abeek,abe,190,48.60804242,2.209456474,2.209456474,22421.5643,11.04728237,1073.795846,29390.19001,2.209456474,671.674768,1869.200177,51303.57932,362.3508617,2344.233319
Maas,Abeek,abe,191,24.08671216,4.014452027,4.014452027,37306.30269,128.4624649,1103.974308,30252.91048,4.014452027,481.7342433,2312.324368,45985.54797,138795.6644,19771.17623
Maas,Abeek,abe,192,20.17484869,3.362474781,3.362474781,NA,36.9872226,1610.62542,23402.82448,43.71217216,1294.552791,1977.135171,52084.73436,9246.805649,5067.249496
Maas,Abeek,abe,193,30.60984224,2.354603249,2.354603249,21589.35719,11.77301625,842.9479633,22432.30516,11.77301625,1306.804803,1822.462915,58401.22439,23838.0033,2227.454674
Maas,Abeek,abe,194,5.313496281,5.313496281,5.313496281,66168.96918,NA,961.7428268,44362.38045,5.313496281,759.8299681,2422.954304,90940.48884,30781.08395,9473.963868
Maas,Abeek,abe,195,50.5944852,2.52972426,2.52972426,29987.35138,12.6486213,1158.613711,33248.16595,22.76751834,1285.099924,2757.399443,83081.20415,9886.162408,5314.95067
Maas,Abeek,abe,196,45.10309278,2.147766323,2.147766323,21623.71134,40.80756014,1335.910653,43567.43986,32.21649485,1267.182131,2018.900344,67381.87285,1868.556701,2388.316151
Maas,Abeek,abe,197,10.20929045,5.104645227,5.104645227,50581.92956,25.52322614,934.1500766,25819.29556,5.104645227,556.4063298,1618.172537,63547.72843,31194.48698,1965.288412
Maas,Abeek,abe,198,41.62330905,2.081165453,2.081165453,17754.42248,95.73361082,1080.12487,29246.61811,18.73048907,1331.94589,2416.233091,41381.89386,65456.81582,19180.02081
Maas,Abeek,abe,199,4.948045522,4.948045522,4.948045522,51682.33548,282.0385948,1444.829292,42993.56754,4.948045522,618.5056903,2617.516081,92592.77585,11924.78971,3800.098961
Maas,Abeek,abe,200,21.60760588,4.321521175,4.321521175,69364.73639,NA,1032.843561,47506.48228,4.321521175,436.4736387,2173.725151,83837.5108,20717.37252,12588.59118
Scheldt-EastBank,Molenbeek,mlb,201,470.0908899,104.8404143,206.2988797,18634.53815,923.2720355,1914.183048,50590.57282,3.381948848,7281.33587,3520.608751,93838.93469,16875.92475,2029.169309
Scheldt-EastBank,Molenbeek,mlb,202,561.8259343,124.404314,232.7564585,12773.51392,1223.977928,3579.63381,48814.6476,24.07825433,9470.780035,3479.30775,154108.8538,32112.36519,3812.390268
Scheldt-EastBank,Molenbeek,mlb,203,455.8782849,119.5020747,362.9322268,11007.46888,1429.598893,7789.764869,136369.5712,4.426002766,9086.583679,3748.824343,159557.3997,35859.47441,19120.33195
Scheldt-EastBank,Molenbeek,mlb,204,562.23707,126.7013116,197.9707993,8873.051225,122.7418956,1365.998515,30586.48849,3.959415986,7982.182628,2672.605791,147868.3494,19302.15293,25379.85647
Scheldt-EastBank,Molenbeek,mlb,205,470.6538408,57.99526,122.6822808,4891.677123,60.22584693,1519.029695,26316.46452,2.230586923,4793.531298,2574.097309,97548.02732,21536.31674,3323.574516
Scheldt-EastBank,Molenbeek,mlb,206,407.960199,74.62686567,131.840796,18169.15423,206.4676617,1776.119403,33962.68657,2.487562189,5007.462687,2537.313433,128059.7015,36047.26368,46467.66169
Scheldt-EastBank,Molenbeek,mlb,207,333.2189038,53.09531983,135.4846092,7488.270969,225.197391,5227.142694,27360.56757,1.830873098,4139.604074,1918.755006,108947.9345,15915.77984,11131.70843
Scheldt-EastBank,Molenbeek,mlb,208,446.7178176,95.48167093,221.6538789,20896.84569,514.9190111,1619.778346,37855.07246,3.410059676,6929.241262,2537.084399,104235.2941,44098.89173,71270.24723
Scheldt-EastBank,Molenbeek,mlb,209,612.7532999,211.1916713,571.1098717,22665.92303,297.4530582,5785.461982,57375.72039,14.87265291,5714.073248,3212.493028,174524.6328,27799.96282,3212.493028
Scheldt-EastBank,Molenbeek,mlb,210,499.0605036,156.3322059,348.7410748,27484.40436,30.06388576,1779.782037,49364.90041,6.012777151,10859.07554,3637.730177,120508.0797,49172.49154,64456.97106
Scheldt-EastBank,Molenbeek,mlb,211,412.5230203,85.12379783,176.7955801,27930.42767,16.36996112,1571.516268,48160.42562,3.273992224,5703.294455,2576.63188,65610.80417,23851.03335,2095.355024
Scheldt-EastBank,Molenbeek,mlb,212,378.6435786,101.5873016,290.9090909,18488.88889,374.025974,1140.548341,107668.6869,4.617604618,7794.516595,3190.764791,111953.824,21005.48341,24611.83261
Scheldt-EastBank,Molenbeek,mlb,213,302.2297969,70.44453913,234.0576623,13904.84306,11.36202244,4722.056526,32290.86777,2.272404488,4540.264167,2570.089476,105550.9161,21365.147,23610.28263
Scheldt-EastBank,Molenbeek,mlb,214,517.0731707,94.30894309,273.1707317,20266.66667,175.6097561,4191.869919,108507.3171,3.25203252,5730.081301,3674.796748,113626.0163,10907.31707,2536.585366
Scheldt-EastBank,Molenbeek,mlb,215,533.3333333,366.6666667,688.8888889,20400,1688.888889,3011.111111,84755.55556,11.11111111,NA,5600,196000,NA,NA
Scheldt-EastBank,Molenbeek,mlb,216,571.747627,214.4053601,518.146287,33661.64154,1134.561697,3028.475712,101860.4132,8.933556672,NA,5404.801787,213583.4729,NA,144812.9537
Scheldt-EastBank,Molenbeek,mlb,217,572.7923628,93.3439406,437.0193583,18286.92654,840.0954654,9919.915142,93157.25272,4.242906391,7565.102095,4035.003978,234967.913,47202.3336,29700.34474
Scheldt-EastBank,Molenbeek,mlb,218,395.2262004,146.5445462,648.3485984,19548.15432,22.20371912,7558.145989,236363.0308,4.440743825,7940.049958,7065.223425,233383.2917,84187.62143,71318.34582
Scheldt-EastBank,Molenbeek,mlb,219,300.8326618,103.1426269,NA,12622.07897,21.48804727,1779.210314,41196.88423,4.297609455,7748.589847,2810.636583,106288.477,71782.97072,65495.56809
Scheldt-EastBank,Molenbeek,mlb,220,477.5318578,85.84842388,198.5244802,3433.936955,241.4486922,3173.70892,60643.86318,2.682763246,4965.794769,3146.881288,241808.1824,49298.45741,23796.10999
Scheldt-EastBank,Molenbeek,mlb,221,358.4699454,126.7759563,314.7540984,24161.74863,1206.557377,1412.021858,56498.36066,4.371584699,8712.568306,3169.398907,104961.7486,32056.8306,19366.12022
Scheldt-EastBank,Molenbeek,mlb,222,743.5640254,160.4814443,545.6369107,26511.5346,26.74690739,10254.76429,104157.8068,5.349381478,10345.70378,6419.257773,302908.7262,24783.68439,5188.900033
Scheldt-EastBank,Molenbeek,mlb,223,401.793722,119.5814649,511.8086697,NA,884.9028401,3821.823617,76465.1719,4.783258595,8801.195815,4180.568012,164979.3722,84209.26756,110445.441
Scheldt-EastBank,Molenbeek,mlb,224,307.7644851,43.16209242,170.771757,8394.08867,2272.577997,3451.090781,58647.90054,1.876612714,4181.093127,2409.570725,94812.10415,46652.59207,50687.30941
Scheldt-EastBank,Molenbeek,mlb,225,NA,247.4226804,879.7250859,NA,NA,5305.841924,338364.2612,13.74570447,NA,11876.28866,458364.2612,90941.58076,12920.9622
Scheldt-EastBank,Laakbeek,lak,226,112.640801,2.503128911,2.503128911,24397.9975,155.1939925,1224.030038,28005.00626,15.01877347,2027.534418,1887.359199,48012.51564,10831.0388,1153.942428
Scheldt-EastBank,Laakbeek,lak,227,51.66051661,3.6900369,NA,44044.28044,516.6051661,1501.845018,38442.80443,3.6900369,1896.678967,2372.693727,63771.21771,12800.73801,4022.140221
Scheldt-EastBank,Laakbeek,lak,228,48.54368932,8.090614887,8.090614887,154967.6375,NA,388.3495146,184708.7379,8.090614887,1618.122977,2411.003236,73042.0712,81642.39482,6618.122977
Scheldt-EastBank,Laakbeek,lak,229,38.92215569,2.994011976,2.994011976,34907.18563,14.97005988,1919.161677,30158.68263,65.86826347,3919.161677,1793.413174,71440.11976,14.97005988,1008.982036
Scheldt-EastBank,Laakbeek,lak,230,13.25381047,6.626905235,6.626905235,92909.2114,510.2717031,530.1524188,43167.6607,6.626905235,788.601723,1822.39894,56726.30881,49330.68257,9695.162359
Scheldt-EastBank,Laakbeek,lak,231,7.342143906,7.342143906,7.342143906,81336.27019,NA,80.76358297,47187.95888,7.342143906,2481.64464,1571.218796,44486.04993,33061.67401,73.42143906
Scheldt-EastBank,Laakbeek,lak,232,69.90969997,2.912904165,2.912904165,36236.52782,655.4034372,2374.016895,73725.60443,37.86775415,2933.294495,2088.552287,97573.55083,14.56452083,29.12904165
Scheldt-EastBank,Laakbeek,lak,233,34.12969283,5.688282139,5.688282139,66058.02048,28.44141069,28.44141069,59402.73038,5.688282139,756.5415245,2377.701934,119397.0421,111160.4096,2849.829352
Scheldt-EastBank,Laakbeek,lak,234,42.6742532,7.112375533,7.112375533,124914.6515,35.56187767,1465.14936,40867.70982,7.112375533,1031.294452,1742.532006,57731.1522,57098.15078,16977.2404
Scheldt-EastBank,Laakbeek,lak,235,62.5,4.166666667,4.166666667,50845.83333,20.83333333,1337.5,37158.33333,4.166666667,1020.833333,2237.5,87495.83333,14620.83333,12770.83333
Scheldt-EastBank,Laakbeek,lak,236,5.757052389,5.757052389,5.757052389,83419.68912,575.7052389,40.29936672,44363.84571,5.757052389,1116.868164,1922.855498,60880.82902,155.4404145,14645.94128
Scheldt-EastBank,Laakbeek,lak,237,48.61448712,4.861448712,4.861448712,63490.52018,855.6149733,495.8677686,30077.78318,4.861448712,1307.729703,2416.14001,69781.23481,27890.13126,12275.158
Scheldt-EastBank,Laakbeek,lak,238,61.76652254,3.088326127,3.088326127,34579.98765,15.44163064,574.4286597,41519.45645,3.088326127,750.4632489,2192.71155,82714.63867,130812.2298,14962.94009
Scheldt-EastBank,Laakbeek,lak,239,55.04587156,3.669724771,3.669724771,50708.25688,1530.275229,700.9174312,70110.09174,3.669724771,1137.614679,2051.376147,107904.5872,12748.62385,9299.082569
Scheldt-EastBank,Laakbeek,lak,240,104.0118871,3.714710253,3.714710253,46942.79346,18.57355126,2704.309064,33907.87519,3.714710253,1054.977712,1935.364042,70735.51263,1727.340267,13577.26597
Scheldt-EastBank,Laakbeek,lak,241,120.7666054,2.625360987,2.625360987,31766.86794,31.50433185,1475.452875,22885.27172,2.625360987,1063.2712,1559.464426,99390.91625,320.2940404,5678.655815
Scheldt-EastBank,Laakbeek,lak,242,76.1614623,7.61614623,7.61614623,103777.6085,578.8271135,175.1713633,43175.93298,7.61614623,1614.623001,1850.723534,71066.26047,41462.30008,20152.32292
Scheldt-EastBank,Laakbeek,lak,243,122.4783862,3.602305476,3.602305476,49953.17003,140.4899135,1116.714697,45129.683,3.602305476,868.1556196,2590.057637,113811.2392,60493.51585,5154.899135
Scheldt-EastBank,Laakbeek,lak,244,147.8083588,5.096839959,5.096839959,77767.5841,NA,616.7176351,77915.39246,5.096839959,891.9469929,2553.51682,91320.08155,922.5280326,6065.239551
Scheldt-EastBank,Laakbeek,lak,245,63.69426752,4.549590537,4.549590537,74927.20655,22.74795268,964.5131938,36683.3485,4.549590537,1164.695177,2647.861692,125900.8189,39981.80164,10227.47953
Scheldt-EastBank,Laakbeek,lak,246,84.91508492,4.995004995,4.995004995,60514.48551,399.6003996,414.5854146,31153.84615,4.995004995,819.1808192,1953.046953,67842.15784,2922.077922,5199.8002
Scheldt-EastBank,Laakbeek,lak,247,86.4968765,4.805382028,4.805382028,67582.89284,24.02691014,706.3911581,39870.25469,4.805382028,994.7140798,2023.065834,77621.3359,11729.93753,13748.19798
Scheldt-EastBank,Laakbeek,lak,248,87.87346221,4.393673111,4.393673111,54714.41125,755.711775,483.3040422,39209.13884,13.18101933,1203.866432,2728.471002,61559.75395,154591.3884,32737.25835
Scheldt-EastBank,Laakbeek,lak,249,95.63277016,3.187759005,3.187759005,38049.09149,15.93879503,583.359898,31874.4023,3.187759005,1106.152375,3745.616831,66754.86133,28246.73255,3124.003825
Scheldt-EastBank,Laakbeek,lak,250,79.07542579,6.082725061,6.082725061,72992.70073,267.6399027,24.33090024,33053.52798,6.082725061,717.7615572,1611.922141,80285.88808,66137.46959,18661.80049
Scheldt-EastBank,Winge,win,251,164.9628659,40.54172128,142.5950197,6599.912626,335.5176933,1952.992573,38721.53779,19.57186544,2822.542595,2682.743556,85871.55963,13738.05155,3131.498471
Scheldt-EastBank,Winge,win,252,183.1446541,38.23899371,116.7295597,6055.849057,10.06289308,1865.660377,35638.74214,2.012578616,3848.050314,2729.056604,67183.89937,92087.54717,66334.59119
Scheldt-EastBank,Winge,win,253,143.6485196,100.8595989,617.382999,18237.24928,NA,2747.659981,111223.6867,3.05635148,6238.013372,3747.086915,145378.4145,144330.086,105230.1815
Scheldt-EastBank,Winge,win,254,119.3650794,73.65079365,142.2222222,8500.31746,226.031746,3898.412698,46928.25397,2.53968254,4888.888889,5752.380952,82834.28571,118656.5079,83377.77778
Scheldt-EastBank,Winge,win,255,118.7964048,84.40797186,196.9519343,17109.80852,287.6123486,NA,54933.95858,3.12622118,5586.557249,3241.891364,136184.447,68323.56389,70558.81204
Scheldt-EastBank,Winge,win,256,159.7749648,49.50773558,222.7848101,11672.57384,11.25175809,2068.073136,36424.19128,31.50492264,5061.040788,3168.495077,114790.436,82763.43179,68950.77356
Scheldt-EastBank,Winge,win,257,151.269584,103.7277147,950.8373852,26498.10913,NA,2619.124797,49158.29281,4.321988115,7615.343058,3544.030254,87840.08644,26990.81578,38984.33279
Scheldt-EastBank,Winge,win,258,217.2647915,155.1891368,367.280957,16998.38345,25.86485613,2115.745231,61366.95765,5.172971225,9285.483349,5462.657614,196257.3553,63813.77304,64144.84319
Scheldt-EastBank,Winge,win,259,229.9794661,180.698152,881.5879535,25522.24504,27.37850787,3690.622861,49921.97125,5.475701574,10250.51335,6620.123203,184273.7851,92254.62012,78521.56057
Scheldt-EastBank,Winge,win,260,142.999007,84.74015227,145.6471367,7467.725919,13.24064879,1813.968884,27977.4909,2.648129758,4504.468719,2632.24098,89557.1003,44242.30387,53174.44555
Scheldt-EastBank,Winge,win,261,178.8819876,89.44099379,278.2608696,16639.33747,16.563147,2206.21118,34166.45963,3.3126294,5793.78882,3544.513458,109595.0311,30383.43685,3412.008282
Scheldt-EastBank,Winge,win,262,201.7900732,54.24464334,NA,7212.367779,10.84892867,2117.710876,31967.45321,2.169785734,3879.576892,3124.491456,125537.2932,40058.58421,2864.117168
Scheldt-EastBank,Winge,win,263,226.7716535,104.9868766,529.1338583,14412.59843,20.99737533,3258.792651,57805.77428,4.199475066,7399.475066,4086.089239,147787.9265,142500.7874,112965.8793
Scheldt-EastBank,Winge,win,264,119.738073,134.7053321,563.7667602,10621.76489,24.94543187,1985.656377,29570.31494,4.989086374,8401.621453,3043.342688,124617.3994,64868.10103,68150.91986
Scheldt-EastBank,Winge,win,265,152.4459613,52.33219568,102.3890785,7135.381115,11.37656428,2523.321957,33306.02958,2.275312856,3938.566553,3285.551763,145824.8009,99626.84869,50830.48919
Scheldt-EastBank,Winge,win,266,162.2945086,75.55089192,430.9199021,5719.482336,13.99090591,2403.637636,35195.52291,2.798181182,4854.844351,3447.359217,137768.4505,19075.20112,10213.36132
Scheldt-EastBank,Winge,win,267,202.0465926,41.80274331,165.4691922,5763.553233,8.708904855,1487.480949,27913.78184,1.741780971,3121.2715,2435.009798,77063.35728,33821.9029,30237.31766
Scheldt-EastBank,Winge,win,268,167.8618858,53.12084993,148.7383798,6300.132802,10.62416999,1963.346614,51327.49004,2.124833997,3712.084993,3055.511288,120556.7065,37541.56707,32679.94688
Scheldt-EastBank,Winge,win,269,214.3833744,100.6289308,437.5170905,13567.40498,21.87585453,2047.579984,37753.34974,4.375170905,7757.178015,3994.531036,153380.3664,55162.15477,57358.49057
Scheldt-EastBank,Winge,win,270,197.6508708,74.52409883,281.8955043,7591.737546,16.20089105,3185.09518,32025.92143,3.24017821,5984.609154,3573.916565,128051.8429,96826.24544,87841.23127
Scheldt-EastBank,Winge,win,271,170.4467354,98.96907216,175.9450172,5479.037801,181.443299,1292.09622,35403.43643,2.749140893,5143.642612,2988.316151,118746.3918,36896.21993,17374.57045
Scheldt-EastBank,Winge,win,272,190.9814324,70.73386384,200.4126142,25959.32803,11.78897731,1508.989095,35975.24315,2.357795461,4074.270557,3451.812555,106930.7398,109406.425,74907.1618
Scheldt-EastBank,Winge,win,273,204.5072318,43.05415405,150.6895392,5532.458796,8.969615428,2170.646934,27115.14744,1.793923086,3263.146093,2751.878013,125172.7772,71733.60242,55593.67642
Scheldt-EastBank,Winge,win,274,268.115942,246.3768116,565.2173913,23072.46377,36.23188406,NA,127898.5507,7.246376812,13768.11594,7166.666667,200710.1449,195652.1739,201086.9565
Scheldt-EastBank,Winge,win,275,NA,85.89162892,338.1982889,10137.89633,NA,1750.041939,36925.3481,2.684113404,11724.20735,2222.445898,99263.8819,15369.23335,3999.328972
Scheldt-EastBank,Mombeek,mom,276,616.5703276,270.605866,NA,25190.32327,506.9578249,2466.28131,25940.48384,137.0156283,NA,6473.988439,NA,143832.1559,103549.5611
Scheldt-EastBank,Mombeek,mom,277,683.5680751,450.7042254,NA,NA,2291.079812,7233.802817,220642.2535,112.6760563,NA,NA,NA,141070.4225,162178.4038
Scheldt-EastBank,Mombeek,mom,278,48.41713222,126.6294227,297.9515829,17918.06331,1243.947858,2432.029795,28845.43762,3.724394786,7579.143389,2000,114014.8976,137277.4674,110800.7449
Scheldt-EastBank,Mombeek,mom,279,9.54084675,295.7662493,NA,66165.77221,NA,6621.347645,95503.87597,9.54084675,17679.18903,6220.632081,NA,102077.5194,154466.3089
Scheldt-EastBank,Mombeek,mom,280,-153.4772182,NA,NA,NA,NA,NA,NA,NA,NA,NA,NA,NA,NA
Scheldt-EastBank,Mombeek,mom,281,247.5685234,75.44945476,254.6419098,17424.10846,11.78897731,2536.987916,30516.94665,2.357795461,4317.12349,2909.519599,91590.92249,84463.30681,69154.14088
Scheldt-EastBank,Mombeek,mom,282,65.96891849,157.3104979,431.3352363,12909.6099,25.37266096,2364.732001,34050.11101,5.074532192,9245.797653,3085.315572,128720.5836,46756.73961,40038.05899
Scheldt-EastBank,Mombeek,mom,283,68.68234416,77.64091079,352.3702874,39116.08809,92.57185517,NA,102835.3863,44.79283315,5748.413587,2839.865622,95617.76782,132386.7115,93378.12617
Scheldt-EastBank,Mombeek,mom,284,152.173913,210.1449275,500,17623.18841,1913.043478,2869.565217,64405.7971,7.246376812,14478.26087,5195.652174,146920.2899,258753.6232,214855.0725
Scheldt-EastBank,Mombeek,mom,285,17.09401709,119.6581197,418.8034188,66568.37607,21.36752137,2478.632479,41354.70085,4.273504274,8905.982906,3457.264957,91726.49573,146769.2308,117820.5128
Scheldt-EastBank,Mombeek,mom,286,13.84382436,83.06294614,349.556565,13999.56738,17.30478045,2820.679213,33945.05732,3.460956089,6437.378326,3024.875622,80567.5968,146173.4804,112792.5589
Scheldt-EastBank,Mombeek,mom,287,175.0986724,86.11410118,229.6376032,43760.31575,14.3523502,3008.252601,55173.30463,17.22282024,5255.830642,2962.325081,139654.1084,112310.0108,87176.1751
Scheldt-EastBank,Mombeek,mom,288,53.99792316,116.3032191,448.5981308,21187.95431,884.7352025,1993.76947,45167.18588,4.153686397,7468.328141,3646.936656,79484.94289,87601.24611,98317.75701
Scheldt-EastBank,Mombeek,mom,289,97.71777563,149.1481839,360.0128576,19039.53713,1275.474124,3867.566699,79228.54388,5.143040823,10121.50434,4263.580842,141762.7772,131687.5603,125078.7528
Scheldt-EastBank,Mombeek,mom,290,13.26699834,278.6069652,796.0199005,32557.21393,1791.044776,5174.129353,130865.6716,13.26699834,24928.68988,6606.965174,251343.2836,589412.9353,442321.7247
Scheldt-EastBank,Mombeek,mom,291,323.6094905,143.1349669,404.5118631,30929.59938,31.11629716,2980.941268,82713.34111,6.223259432,11544.14625,4474.523532,113101.5169,33667.83353,33667.83353
Scheldt-EastBank,Mombeek,mom,292,72.5294651,50.77062557,241.7648837,9776.971895,12.08824418,1934.119069,31576.91145,33.84708371,4402.538531,2393.472348,89876.0955,43858.56754,39746.14687
Scheldt-EastBank,Mombeek,mom,293,284.1530055,74.94145199,265.4176425,20571.42857,259.1725215,1626.85402,36480.87432,3.1225605,6020.296643,3188.13427,185242.7791,27572.20921,18391.88134
Scheldt-EastBank,Mombeek,mom,294,129.5069904,70.6401766,155.9970567,18896.24724,238.410596,2360.559235,31902.86976,2.943340692,5607.064018,2675.496689,137056.6593,7749.816041,4856.512141
Scheldt-EastBank,Mombeek,mom,295,242.0574887,77.9963019,239.367961,8506.975962,223.2307951,1500.75643,27102.37015,2.689527652,5510.842158,2724.491511,98668.01143,80433.01395,74849.55455
Scheldt-EastBank,Mombeek,mom,296,49.71149578,177.5410564,575.2330226,64823.7905,397.6919663,5645.805593,64568.13138,7.101642255,14039.94674,NA,149340.435,72330.22636,46657.78961
Scheldt-EastBank,Mombeek,mom,297,39.95006242,95.88014981,243.6953808,13858.67665,886.8913858,1717.852684,47053.18352,3.995006242,7434.706617,3168.03995,132997.7528,75737.32834,61203.49563
Scheldt-EastBank,Mombeek,mom,298,64.01766004,57.39514349,364.2384106,13386.31347,1432.671082,1582.781457,38112.58278,22.07505519,4679.9117,2445.916115,118313.4658,45611.47903,51390.72848
Scheldt-EastBank,Mombeek,mom,299,10.70950469,267.7376171,781.793842,NA,NA,NA,122109.7724,10.70950469,22393.5743,4680.053548,260840.6961,111207.4967,190522.0884
Scheldt-EastBank,Mombeek,mom,300,4.153686397,137.0716511,1163.032191,34226.37591,NA,3140.186916,61964.69367,4.153686397,8170.301142,4286.604361,144913.811,72826.58359,87725.8567
Scheldt-EastBank,Voorste Nete,vne,301,275.3441802,12.51564456,12.51564456,171752.1902,NA,525.6570713,267797.2466,12.51564456,3954.94368,2841.051314,83967.45932,3254.067584,47571.96496
Scheldt-EastBank,Voorste Nete,vne,302,183.1501832,36.63003663,36.63003663,452527.4725,2380.952381,183.1501832,119560.4396,36.63003663,7399.267399,4432.234432,147106.2271,636923.0769,146080.5861
Scheldt-EastBank,Voorste Nete,vne,303,199.3355482,33.22259136,33.22259136,420531.5615,3687.707641,166.1129568,172458.4718,33.22259136,NA,4019.933555,62823.92027,239368.7708,225249.1694
Scheldt-EastBank,Voorste Nete,vne,304,87.71929825,12.53132832,12.53132832,178446.1153,62.6566416,62.6566416,42005.01253,112.7819549,3483.709273,2368.421053,78972.43108,3057.64411,44586.46617
Scheldt-EastBank,Voorste Nete,vne,305,111.1111111,12.34567901,12.34567901,173790.1235,61.72839506,61.72839506,123728.3951,12.34567901,3654.320988,3160.493827,56000,4172.839506,31604.93827
Scheldt-EastBank,Voorste Nete,vne,306,228.1879195,13.42281879,13.42281879,224362.4161,1798.657718,214.7651007,323758.3893,13.42281879,4751.677852,3382.550336,71785.2349,241557.047,66751.67785
Scheldt-EastBank,Voorste Nete,vne,307,58.83857764,2.558199028,2.558199028,38442.05679,611.4095677,153.4919417,55024.30289,23.02379125,611.4095677,885.1368636,20683.03914,3279.611154,13537.98926
Scheldt-EastBank,Voorste Nete,vne,308,152.6162791,7.26744186,7.26744186,106577.0349,1940.406977,617.7325581,61620.63953,NA,2747.093023,3706.395349,59302.32558,9520.348837,81010.17442
Scheldt-EastBank,Voorste Nete,vne,309,140.8450704,70.42253521,NA,996619.7183,352.1126761,352.1126761,443521.1268,70.42253521,NA,5845.070423,181408.4507,782394.3662,NA
Scheldt-EastBank,Voorste Nete,vne,310,201.1263073,8.045052293,8.045052293,116057.9244,NA,NA,126371.6814,NA,9557.522124,6242.960579,74585.67981,33531.77796,188020.9171
Scheldt-EastBank,Voorste Nete,vne,311,82.19178082,27.39726027,27.39726027,549068.4932,1589.041096,136.9863014,91808.21918,NA,14000,8027.39726,97863.0137,176301.3699,NA
Scheldt-EastBank,Voorste Nete,vne,312,249.4331066,5.66893424,5.66893424,80515.87302,28.3446712,NA,31507.93651,NA,3276.643991,3253.968254,68197.27891,37664.39909,4676.870748
Scheldt-EastBank,Voorste Nete,vne,313,211.5987461,7.836990596,7.836990596,111175.5486,39.18495298,39.18495298,27476.48903,7.836990596,1261.755486,2155.172414,52931.03448,1144.200627,2264.890282
Scheldt-EastBank,Voorste Nete,vne,314,247.148289,6.337135615,6.337135615,91349.80989,31.68567807,31.68567807,75525.98226,6.337135615,817.4904943,2623.574144,77230.67174,60424.58809,26907.47782
Scheldt-EastBank,Voorste Nete,vne,315,160,80,NA,1085680,400,400,175120,80,12320,8080,96160,186800,268560
Scheldt-EastBank,Voorste Nete,vne,316,160.7717042,16.07717042,16.07717042,228713.8264,80.38585209,80.38585209,52122.1865,16.07717042,3038.585209,2636.655949,87041.80064,3183.279743,47909.96785
Scheldt-EastBank,Voorste Nete,vne,317,268.3178535,10.31991744,10.31991744,171372.549,732.7141383,51.5995872,127234.2621,10.31991744,2662.5387,2961.816305,80815.27348,258090.8153,76305.46956
Scheldt-EastBank,Voorste Nete,vne,318,179.2114695,35.84229391,35.84229391,625268.8172,179.2114695,179.2114695,170931.8996,35.84229391,18960.57348,NA,144587.8136,829677.4194,148709.6774
Scheldt-EastBank,Voorste Nete,vne,319,254.9019608,19.60784314,19.60784314,295431.3725,98.03921569,98.03921569,42215.68627,19.60784314,3333.333333,4156.862745,68450.98039,44686.27451,37823.52941
Scheldt-EastBank,Voorste Nete,vne,320,176.7676768,25.25252525,25.25252525,406616.1616,959.5959596,126.2626263,152095.9596,25.25252525,5252.525253,6186.868687,82904.0404,279015.1515,19444.44444
Scheldt-EastBank,Voorste Nete,vne,321,444.9267499,5.425935974,5.425935974,96022.78893,NA,NA,82441.67119,5.425935974,4763.971785,8214.867065,77183.93923,21.7037439,6250.678242
Scheldt-EastBank,Voorste Nete,vne,322,254.7770701,63.69426752,NA,1356433.121,NA,318.4713376,971592.3567,63.69426752,17770.70064,NA,138407.6433,35031.84713,291974.5223
Scheldt-EastBank,Voorste Nete,vne,323,64.25702811,8.032128514,8.032128514,109413.6546,40.16064257,176.7068273,34506.0241,8.032128514,746.9879518,2835.341365,89397.59036,610883.5341,138000
Scheldt-EastBank,Voorste Nete,vne,324,293.255132,14.6627566,14.6627566,217184.7507,73.31378299,73.31378299,55645.16129,14.6627566,2463.343109,2888.56305,75879.7654,29061.58358,4134.897361
Scheldt-EastBank,Voorste Nete,vne,325,340.6326034,24.33090024,24.33090024,343017.0316,121.6545012,121.6545012,73454.98783,24.33090024,4817.518248,5060.827251,107688.5645,52311.43552,6180.048662
Scheldt-EastBank,Molse Nete,mne,326,31.04384944,198.6806364,956.1505627,45088.08692,11250.29104,1750.873108,77590.99728,31.04384944,19613.50407,5227.784245,136307.3341,91641.44354,133053.9387
Scheldt-EastBank,Molse Nete,mne,327,7.469654528,186.7413632,560.2240896,102431.3725,30334.26704,2233.426704,199148.4594,59.75723623,20474.32306,7409.897292,56380.95238,165146.592,180466.8534
Scheldt-EastBank,Molse Nete,mne,328,166.2454367,107.8348778,310.0252738,45402.97669,10122.99916,2057.848919,142207.2452,211.1766358,13636.61893,9808.480764,108684.0775,2623.982028,8806.515024
Scheldt-EastBank,Molse Nete,mne,329,8.547008547,205.1282051,555.5555556,76085.47009,11094.01709,1709.401709,91444.44444,111.1111111,26444.44444,8188.034188,49188.03419,53888.88889,33589.74359
Scheldt-EastBank,Molse Nete,mne,330,56.05184796,75.66999475,269.0488702,22799.08916,7850.061307,1328.428797,67990.89157,86.88036434,9049.570853,4301.979331,82698.89648,11967.06954,5577.158872
Scheldt-EastBank,Molse Nete,mne,331,76.0353021,135.7773252,353.0210455,76496.94501,8190.088255,1569.585879,74916.49695,32.58655804,14490.15614,5827.562797,130623.2179,66085.53971,8472.505092
Scheldt-EastBank,Molse Nete,mne,332,11.87824796,380.1039347,950.2598367,47560.50483,17841.12843,4394.951745,154536.0059,914.6250928,NA,10369.71047,201146.2509,80890.8686,42048.99777
Scheldt-EastBank,Molse Nete,mne,333,84.5814978,159.7650514,267.8414097,29603.52423,6705.433186,1987.665198,67392.65786,65.7856094,12832.8928,4623.788546,144004.699,43009.69163,7377.386197
Scheldt-EastBank,Molse Nete,mne,334,21.9478738,768.175583,NA,NA,28905.34979,5004.115226,186052.1262,504.8010974,NA,29871.05624,200252.4005,225031.5501,268422.4966
Scheldt-EastBank,Molse Nete,mne,335,110.2756892,110.2756892,255.6390977,28285.71429,6766.917293,1649.122807,53854.63659,20.05012531,13228.07018,5488.721805,157528.8221,81218.04511,11428.57143
Scheldt-EastBank,Molse Nete,mne,336,162.1425986,156.3517915,521.1726384,67433.94861,8182.410423,2611.653999,175895.7655,1262.395946,40269.27253,11002.53348,131850.8867,34049.94571,8917.842924
Scheldt-EastBank,Molse Nete,mne,337,105.2384308,86.44585389,383.3685694,47605.35588,9302.325581,1976.979093,83615.6918,105.2384308,10317.12474,10952.31384,162826.4036,25505.28541,7554.615927
Scheldt-EastBank,Molse Nete,mne,338,100.7239534,135.9773371,669.8142902,40687.44098,9140.698772,1712.307208,81128.10828,95.68775574,14660.37142,7075.857727,142292.729,29068.93296,8410.45011
Scheldt-EastBank,Molse Nete,mne,339,83.76963351,288.5398487,530.5410122,55529.95928,12593.36824,2959.860384,133240.256,558.4642234,36867.94648,8535.194881,118627.1088,67797.55672,16195.46248
Scheldt-EastBank,Molse Nete,mne,340,82.34937935,140.478353,537.6930064,42274.29609,6578.262186,1443.536179,72792.00727,188.9191644,12812.59461,6951.256434,135871.6318,794.4293067,7605.207387
Scheldt-EastBank,Molse Nete,mne,341,144.6654611,270.0421941,289.3309222,108383.3635,NA,4908.981314,225176.6124,1051.235684,14987.34177,19134.41832,125540.6872,95758.8909,47643.15853
Scheldt-EastBank,Molse Nete,mne,342,133.7525812,542.0499343,429.4161817,43547.02459,12460.10888,3414.210625,130056.7862,774.357049,9482.354045,7687.253614,170499.343,70797.35311,11826.54402
Scheldt-EastBank,Molse Nete,mne,343,220.137586,135.0844278,570.3564728,68452.78299,9040.650407,3036.898061,121646.0288,525.3283302,6469.043152,16355.22201,166213.8837,29608.50532,10506.5666
Scheldt-EastBank,Molse Nete,mne,344,207.5226978,477.3022049,NA,129348.8975,NA,5727.626459,217566.7964,1639.429313,26791.18029,26002.59403,200300.9079,114552.5292,84876.7834
Scheldt-EastBank,Molse Nete,mne,345,218.7171399,504.7318612,370.1366982,88176.65615,27945.32072,5905.362776,196677.1819,1379.600421,22073.60673,17934.80547,225514.1956,84508.93796,22544.6898
Scheldt-EastBank,Molse Nete,mne,346,254.7033285,185.2387844,146.647371,99882.29619,13252.29137,4507.477086,128015.4366,679.208876,9593.825374,9207.91124,132283.6469,105369.9952,56575.01206
Scheldt-EastBank,Molse Nete,mne,347,161.3285884,256.227758,322.6571767,65679.7153,16597.86477,4308.422301,121575.3262,882.5622776,14367.73428,13959.66785,95079.47805,72882.56228,15183.86714
Scheldt-EastBank,Molse Nete,mne,348,164.9484536,164.9484536,233.6769759,62721.64948,NA,3518.900344,232962.1993,597.9381443,14501.71821,20941.58076,123120.2749,28962.19931,10721.64948
Scheldt-EastBank,Molse Nete,mne,349,202.1857923,174.863388,584.6994536,118841.5301,12704.91803,5267.759563,280639.3443,2579.234973,NA,34360.65574,137060.1093,53901.63934,11092.89617
Scheldt-EastBank,Molse Nete,mne,350,197.5308642,188.9425658,317.7670424,129399.8926,13878.69028,2653.784219,104279.1197,549.6511004,4611.916264,37891.57273,176283.4138,81511.54053,15544.82018
Scheldt-WestBank,Geluwebeek,gel,351,215.9688858,73.20979181,150.0800732,42212.76596,5534.660261,2858.84237,84513.38367,234.2713338,1940.059483,NA,96369.70945,36835.50675,61349.80554
Scheldt-WestBank,Geluwebeek,gel,352,204.8252093,76.15296242,367.634991,41957.65633,8812.735926,3019.858854,114229.4436,149.6799606,1572.952569,13129.82111,97391.76104,18765.14032,11948.13721
Scheldt-WestBank,Geluwebeek,gel,353,303.599374,84.50704225,369.3270736,NA,5001.564945,1868.544601,275198.748,172.143975,1962.441315,NA,94428.79499,9064.162754,3630.672926
Scheldt-WestBank,Geluwebeek,gel,354,211.044042,89.42544154,NA,31052.09032,1985.244802,NA,55790.74447,203.8900067,1606.08093,8820.925553,93120.50078,48944.33266,73758.10418
Scheldt-WestBank,Geluwebeek,gel,355,252.9644269,252.9644269,295.1251647,94324.11067,14534.91436,3193.675889,119283.2675,NA,NA,13438.73518,93101.44928,55515.15152,76521.73913
Scheldt-WestBank,Geluwebeek,gel,356,250.2172024,120.4749493,282.6527657,72901.24529,11194.90298,2947.002606,95133.5071,278.0191138,3313.061106,13650.73849,74726.90414,39348.97191,27431.21923
Scheldt-WestBank,Geluwebeek,gel,357,237.7414562,206.0425953,71.32243685,62779.59386,3558.197127,2797.424468,65592.86776,NA,NA,3320.455671,69888.0634,47889.05399,62209.01436
Scheldt-WestBank,Geluwebeek,gel,358,238.1949291,74.43591533,78.1577111,12107.00163,1090.48616,2113.979995,86836.93882,174.924401,1440.334962,3412.886718,50527.09933,50318.67876,57166.78297
Scheldt-WestBank,Geluwebeek,gel,359,272.7272727,196.969697,106.0606061,33484.84848,3901.515152,2909.090909,70219.69697,NA,NA,3606.060606,60393.93939,74856.06061,140000
Scheldt-WestBank,Geluwebeek,gel,360,220.7387628,185.1357365,498.4423676,60012.46106,11001.33511,NA,84564.30797,356.0302626,3652.870494,11328.88296,98890.96573,62027.59235,100186.9159
Scheldt-WestBank,Geluwebeek,gel,361,254.2103591,162.6946298,NA,66277.72482,7234.826819,2023.514458,124908.802,310.1366381,4499.523356,NA,109900.2224,41009.21513,58417.54051
Scheldt-WestBank,Geluwebeek,gel,362,287.1074703,74.89760094,346.4014043,42382.67993,6775.112151,1760.093622,42123.65906,149.7952019,1794.421689,5838.89214,107693.3879,28180.22235,14168.12951
Scheldt-WestBank,Geluwebeek,gel,363,252.5697504,140.969163,640.2349486,NA,22519.82379,NA,466138.0323,NA,NA,NA,90543.31865,31970.63142,20381.79148
Scheldt-WestBank,Geluwebeek,gel,364,260.9839516,84.18837148,277.8216259,44981.84688,7080.242042,4028.413575,94202.57827,227.308603,2584.583004,9542.751907,110265.7195,46665.61431,51986.31939
Scheldt-WestBank,Geluwebeek,gel,365,325.0414594,109.4527363,268.6567164,68643.44942,6895.522388,2325.041459,74746.26866,152.5704809,2066.334992,13641.79104,93578.7728,27877.28027,41824.21227
Scheldt-WestBank,Geluwebeek,gel,366,345.323741,110.8446576,413.535838,94107.11431,7925.393019,2442.845723,78601.65201,277.111644,4693.844924,11327.47136,104795.0973,50860.64482,30695.44365
Scheldt-WestBank,Geluwebeek,gel,367,261.8822789,62.95247088,402.8958137,NA,11686.49669,2649.039975,133673.2767,163.6764243,3553.037457,NA,105163.3617,20426.81775,4104.501102
Scheldt-WestBank,Geluwebeek,gel,368,206.8519716,72.39819005,289.5927602,32258.56496,3395.819866,2651.152769,64206.85197,172.376643,1682.396035,8760.180995,85833.2256,37585.00323,26132.29907
Scheldt-WestBank,Geluwebeek,gel,369,270.4063287,103.5598706,362.4595469,71439.0507,11581.44552,3544.048903,154332.9738,299.1729594,3394.462424,12703.34412,107276.5192,87151.38439,119208.9177
Scheldt-WestBank,Geluwebeek,gel,370,256.1205273,120.527307,248.5875706,NA,2229.755179,2395.480226,62598.87006,354.0489642,2704.33145,11374.7646,88647.83427,49777.77778,83691.14878
Scheldt-WestBank,Geluwebeek,gel,371,606.7558955,50.98789038,474.1873805,45330.78394,499.6813257,2625.876354,56991.71447,152.9636711,899.9362651,6962.396431,101866.1568,2314.850223,4435.946463
Scheldt-WestBank,Geluwebeek,gel,372,327.0868825,78.74313837,287.7153133,25585.46281,614.8021957,1929.20689,48693.54533,139.3147833,896.4603445,9146.31838,77007.76074,3131.554041,3634.298694
Scheldt-WestBank,Geluwebeek,gel,373,228.0701754,111.1111111,NA,68391.81287,4216.374269,1678.362573,119824.5614,280.7017544,3093.567251,10842.10526,165701.7544,56695.90643,105847.9532
Scheldt-WestBank,Geluwebeek,gel,374,250.7462687,99.50248756,NA,113978.1095,800,1723.383085,62380.0995,246.7661692,3116.41791,NA,132039.801,34678.60697,49233.83085
Scheldt-WestBank,Geluwebeek,gel,375,241.4414414,72.07207207,320.7207207,NA,2273.873874,NA,123099.0991,212.6126126,1866.666667,10536.93694,74363.96396,27088.28829,4360.36036
Scheldt-WestBank,Waalshoekbeek,waa,376,228.2749676,50.39836946,145.2658885,18425.05095,6338.336113,1737.261442,69001.29702,103.7613489,1328.145266,7802.853437,67646.47026,10838.61404,3023.902168
Scheldt-WestBank,Waalshoekbeek,waa,377,263.0497328,473.4895191,NA,112710.2343,4721.742704,4813.810111,151030.0041,453.7607891,NA,NA,163321.0029,32157.82984,59383.47719
Scheldt-WestBank,Waalshoekbeek,waa,378,216.8360698,91.73833724,308.5744071,71639.30154,1275.996873,3085.744071,58679.17644,200.1563722,2977.326036,11546.52072,80846.49466,21771.1754,28272.08757
Scheldt-WestBank,Waalshoekbeek,waa,379,158.974359,107.6923077,107.6923077,32143.58974,6400,7435.897436,104256.4103,230.7692308,2282.051282,5912.820513,76302.5641,19446.15385,4974.358974
Scheldt-WestBank,Waalshoekbeek,waa,380,181.25177,117.8136505,371.5661286,34850.18408,8106.485415,3022.373265,91405.26763,253.7524781,5365.052393,6651.93996,103091.4755,30563.57972,21840.83829
Scheldt-WestBank,Waalshoekbeek,waa,381,148.4426773,265.0762094,614.9768058,87453.94301,2820.410868,3573.227303,56206.75944,604.3737575,NA,13868.78728,85905.89795,44405.5666,33717.69384
Scheldt-WestBank,Waalshoekbeek,waa,382,130.4964539,164.5390071,266.6666667,50751.77305,2422.695035,7659.574468,103619.8582,204.2553191,2297.87234,9764.539007,100573.0496,5060.992908,3574.468085
Scheldt-WestBank,Waalshoekbeek,waa,383,110.0917431,366.9724771,NA,164599.3884,2055.045872,NA,124978.5933,770.6422018,NA,NA,215596.3303,92293.57798,98837.92049
Scheldt-WestBank,Waalshoekbeek,waa,384,212.2719735,132.6699834,473.1896075,64053.06799,1742.399116,4749.585406,89163.07352,176.8933112,1362.078496,8760.641238,108139.3035,2821.448314,4510.779436
Scheldt-WestBank,Waalshoekbeek,waa,385,282.0512821,119.6581197,431.6239316,36717.94872,1273.504274,1337.606838,61401.7094,252.1367521,4145.299145,6790.598291,67414.52991,17435.89744,7136.752137
Scheldt-WestBank,Waalshoekbeek,waa,386,158.0547112,89.15906788,198.5815603,40425.53191,587.639311,2285.714286,52676.79838,137.7912867,1211.752786,13945.28875,72863.22188,9637.284701,10091.18541
Scheldt-WestBank,Waalshoekbeek,waa,387,186.8535202,128.1281281,293.6269603,149541.5415,4644.644645,NA,58874.87487,282.9496163,4335.001668,NA,149493.4935,5482.816149,17137.13714
Scheldt-WestBank,Waalshoekbeek,waa,388,213.6620442,213.6620442,402.6707756,64024.65331,NA,3163.841808,222224.9615,320.4930663,2646.122239,11241.91063,70163.3282,65331.27889,91052.9019
Scheldt-WestBank,Waalshoekbeek,waa,389,114.6953405,305.8542413,296.2962963,143407.4074,1567.502987,7359.617682,70986.85783,334.5280765,5543.608124,NA,113022.7001,53438.47073,110776.583
Scheldt-WestBank,Waalshoekbeek,waa,390,149.7480202,322.5341973,426.2059035,155876.1699,3513.318934,4308.135349,162142.5486,357.0914327,3248.38013,NA,164446.3643,12705.54356,16587.473
Scheldt-WestBank,Waalshoekbeek,waa,391,120.1201201,240.2402402,552.5525526,94438.43844,2210.21021,NA,161237.2372,396.3963964,3123.123123,18846.84685,114498.4985,68804.8048,130570.5706
Scheldt-WestBank,Waalshoekbeek,waa,392,155.1515152,387.8787879,756.3636364,NA,96.96969697,3238.787879,69721.21212,465.4545455,3122.424242,13226.66667,94797.57576,176562.4242,317672.7273
Scheldt-WestBank,Waalshoekbeek,waa,393,152.7300496,122.1840397,702.5582283,45641.84803,73.31042383,2028.255059,37767.08667,213.8220695,1973.272241,6072.546774,70970.59947,3335.624284,6292.478045
Scheldt-WestBank,Waalshoekbeek,waa,394,144.7236181,117.9229481,257.2864322,39059.29648,26.80067002,2551.423786,49849.24623,134.0033501,857.6214405,5553.098827,62922.61307,1634.840871,4020.100503
Scheldt-WestBank,Waalshoekbeek,waa,395,207.7922078,84.65608466,30.78403078,19417.02742,2050.986051,2624.338624,61279.46128,150.0721501,1877.825878,4386.724387,72057.72006,2874.458874,3309.283309
Scheldt-WestBank,Waalshoekbeek,waa,396,134.6278317,331.3915858,289.9676375,62322.3301,248.5436893,2910.032362,49077.02265,445.3074434,5933.980583,6265.372168,108199.3528,36867.31392,31067.96117
Scheldt-WestBank,Waalshoekbeek,waa,397,150.6591337,120.527307,856.6047888,36511.16492,236.7500673,1846.650525,31298.35889,116.2227603,817.8638687,13692.76298,108095.7762,16830.77751,7360.774818
Scheldt-WestBank,Waalshoekbeek,waa,398,180.6298277,190.1366607,85.56149733,45233.51159,950.6833036,3165.775401,47191.91919,237.6708259,2005.941771,5922.756982,137887.1064,25611.4082,14545.45455
Scheldt-WestBank,Waalshoekbeek,waa,399,358.2992888,70.20729309,111.3632925,23003.78272,191.2543501,1522.771978,29450.74898,101.6795279,518.0814041,3994.552882,53812.67968,7592.071418,9054.319867
Scheldt-WestBank,Waalshoekbeek,waa,400,167.1018277,181.02698,167.1018277,38697.99826,410.791993,2060.922541,73552.65448,215.8398607,2569.190601,6231.505657,101430.8094,32222.80244,39965.18712
Scheldt-WestBank,Meirebeek,mei,401,123.769339,247.5386779,585.0914205,87606.18847,2362.869198,32191.27989,74846.6948,236.2869198,3150.492264,8776.371308,211139.2405,39696.20253,7763.71308
Scheldt-WestBank,Meirebeek,mei,402,160,373.3333333,NA,NA,NA,6524.444444,297137.7778,2062.222222,NA,14453.33333,161262.2222,47768.88889,64888.88889
Scheldt-WestBank,Meirebeek,mei,403,102.3569024,123.9057239,156.2289562,26623.56902,1734.680135,42408.08081,55434.34343,263.973064,1438.383838,5521.885522,192603.367,17907.07071,12390.57239
Scheldt-WestBank,Meirebeek,mei,404,128,554.6666667,362.6666667,NA,106.6666667,4906.666667,80874.66667,1429.333333,NA,11178.66667,241344,70826.66667,54186.66667
Scheldt-WestBank,Meirebeek,mei,405,141.4141414,464.6464646,484.8484848,NA,222.2222222,3959.59596,99858.58586,424.2424242,4707.070707,13878.78788,156404.0404,174060.6061,229696.9697
Scheldt-WestBank,Meirebeek,mei,406,149.7076023,411.6959064,654.9707602,147555.5556,93.56725146,2919.298246,89656.14035,523.9766082,6980.116959,17122.80702,237716.9591,92818.71345,189567.2515
Scheldt-WestBank,Meirebeek,mei,407,141.2803532,129.5069904,259.0139809,37774.83444,NA,50001.47167,403820.4562,659.3083149,NA,7552.612215,236762.3252,29610.00736,35143.48786
Scheldt-WestBank,Meirebeek,mei,408,131.5068493,452.9680365,306.8493151,79926.94064,1388.127854,29150.68493,102283.105,423.7442922,5494.063927,7335.159817,217410.0457,43324.20091,36821.91781
Scheldt-WestBank,Meirebeek,mei,409,161.4035088,147.3684211,203.5087719,69908.77193,1214.035088,36898.24561,111354.386,245.6140351,1957.894737,5578.947368,188007.0175,29663.15789,23157.89474
Scheldt-WestBank,Meirebeek,mei,410,125.7861635,553.4591195,75.47169811,91773.58491,125.7861635,6591.194969,105937.1069,704.4025157,10389.93711,13987.42138,187471.6981,166490.566,231698.1132
Scheldt-WestBank,Meirebeek,mei,411,300.0528262,71.84363444,177.496038,21350.23772,515.5837295,4268.357105,47645.00792,135.2350766,1145.272055,3444.268357,144000,12369.78341,8621.236133
Scheldt-WestBank,Meirebeek,mei,412,489.2966361,281.3455657,379.204893,104097.8593,623.853211,1932.721713,92562.69113,366.9724771,4636.085627,12073.3945,309688.0734,56464.8318,39755.35168
Scheldt-WestBank,Meirebeek,mei,413,134.4537815,403.3613445,NA,180436.9748,239.0289449,6498.59944,539772.1755,373.4827264,3211.951447,NA,596347.3389,66405.22876,106367.8805
Scheldt-WestBank,Meirebeek,mei,414,107.8998073,447.0134875,709.0558767,94427.74566,369.9421965,3545.279383,84285.16378,539.4990366,6366.088632,9325.626204,215183.0443,7445.086705,9402.697495
Scheldt-WestBank,Meirebeek,mei,415,45.907173,91.81434599,148.5232068,26434.43038,737.2151899,5495.35865,20134.34599,121.5189873,1752.57384,3081.181435,91784.64135,4353.080169,2808.438819
Scheldt-WestBank,Meirebeek,mei,416,299.0654206,199.376947,193.1464174,41651.09034,928.3489097,9084.11215,149046.729,317.7570093,4068.535826,4623.05296,124355.1402,27489.09657,40498.44237
Scheldt-WestBank,Meirebeek,mei,417,152.866242,271.7622081,169.85138,84619.95754,1265.392781,8042.462845,81154.98938,246.2845011,2726.11465,5783.43949,148738.8535,26216.56051,30912.95117
Scheldt-WestBank,Meirebeek,mei,418,133.8481338,288.2882883,164.7361647,51943.37194,1256.113256,28674.38867,101220.0772,401.5444015,4643.500644,5765.765766,147449.1634,44962.67696,30373.23037
Scheldt-WestBank,Meirebeek,mei,419,215.9244265,604.5883941,215.9244265,NA,2331.983806,25047.23347,152032.3887,518.2186235,5031.039136,10105.26316,204048.583,76415.65452,150283.4008
Scheldt-WestBank,Meirebeek,mei,420,126.984127,246.9135802,190.4761905,46271.60494,141.0934744,61220.45855,71301.5873,239.8589065,1947.089947,4564.373898,208924.1623,22292.76896,5855.379189
Scheldt-WestBank,Meirebeek,mei,421,135.3637902,252.679075,243.6548223,50364.3542,1849.971799,6335.025381,100566.2719,442.1883813,2968.979131,6253.807107,173067.1179,14258.31923,9655.950367
Scheldt-WestBank,Meirebeek,mei,422,172.8395062,283.9506173,246.9135802,59382.71605,1543.209877,75333.33333,86296.2963,530.8641975,5925.925926,8938.271605,259740.7407,64518.51852,92222.22222
Scheldt-WestBank,Meirebeek,mei,423,73.6196319,237.2188139,245.398773,58691.20654,932.5153374,50036.80982,122486.7076,327.198364,2413.087935,6944.785276,262184.0491,45611.45194,88343.55828
Scheldt-WestBank,Meirebeek,mei,424,101.0526316,185.2631579,437.8947368,42762.10526,954.3859649,79792.2807,86282.10526,286.3157895,2531.929825,6181.052632,218475.7895,32617.54386,27901.75439
Scheldt-WestBank,Meirebeek,mei,425,115.1079137,158.9585474,169.9212059,41427.88626,1929.427886,20834.53237,80778.34875,274.0664611,2642.000685,4269.955464,140530.3186,35760.19185,66707.77664
Scheldt-WestBank,Motebeek,mot,426,261.0114192,252.3110386,374.1163676,NA,NA,2148.994018,102281.6748,469.8205546,7908.646003,NA,NA,35680.26101,49157.15063
Scheldt-WestBank,Motebeek,mot,427,332.9043329,113.2561133,85.8000858,57410.55341,377.5203775,2083.226083,42409.26641,130.4161304,665.8086658,3521.235521,82687.25869,12543.97254,7584.727585
Scheldt-WestBank,Motebeek,mot,428,237.5168691,90.68825911,146.82861,24170.5803,362.7530364,2673.144399,35502.2942,194.3319838,846.4237517,3774.358974,57444.53441,7751.68691,7514.17004
Scheldt-WestBank,Motebeek,mot,429,309.3333333,133.3333333,NA,57946.66667,144,3125.333333,39413.33333,144,1280,7600,68528,31253.33333,25920
Scheldt-WestBank,Motebeek,mot,430,269.9662542,173.9782527,NA,82603.67454,197.9752531,1979.752531,63688.039,383.952006,6851.143607,NA,148025.4968,25292.8384,20817.39783
Scheldt-WestBank,Motebeek,mot,431,370.4363313,118.7295934,242.2083704,43630.75096,180.4689819,3200.949837,35899.07985,170.9706144,1201.543485,5281.092312,77216.97833,18745.0282,13107.74711
Scheldt-WestBank,Motebeek,mot,432,268.5851319,230.2158273,NA,41569.30456,913.1894484,3645.083933,64590.88729,337.6498801,3023.501199,5264.268585,121216.307,38668.58513,70829.73621
Scheldt-WestBank,Motebeek,mot,433,449.0719783,70.01659876,224.5359891,20845.63151,89.33152256,4490.719783,45798.09869,169.0055832,753.2820281,4611.438056,84350.68659,11089.18062,3476.686283
Scheldt-WestBank,Motebeek,mot,434,364.6381167,120.2103681,124.2173804,29427.49812,NA,1739.043326,60850.48835,424.7433008,8070.122715,4127.22264,85713.9995,17771.09942,9456.548961
Scheldt-WestBank,Motebeek,mot,435,565.0793651,114.2857143,95.23809524,21142.85714,177.7777778,2253.968254,34485.71429,136.5079365,758.7301587,4184.126984,129355.5556,4949.206349,2984.126984
Scheldt-WestBank,Motebeek,mot,436,324.5534363,130.7901907,411.7468968,NA,NA,1671.207993,64673.32728,203.4514078,1811.686346,6171.35937,113598.5468,19332.72782,4940.962761
Scheldt-WestBank,Motebeek,mot,437,324.1053342,104.433941,352.9146973,17051.54175,43.21404456,3100.607698,44251.18163,165.6538375,975.9171731,3691.19964,82715.28247,19583.16453,15521.04434
Scheldt-WestBank,Motebeek,mot,438,476.6160262,119.1540066,138.2186476,31156.38963,509.979148,1639.55913,35102.77033,266.9049747,2726.24367,3784.331248,83936.84838,16977.06285,5767.053917
Scheldt-WestBank,Motebeek,mot,439,222.2222222,103.4482759,160.9195402,28076.62835,226.0536398,2498.084291,42961.68582,172.4137931,1172.413793,4448.275862,85693.48659,20042.14559,5249.042146
Scheldt-WestBank,Motebeek,mot,440,181.9474058,284.2928216,227.4342573,48477.61194,693.6744847,2558.635394,58075.3376,375.2665245,4980.810235,6675.195451,136096.6596,36378.10945,27405.828
Scheldt-WestBank,Motebeek,mot,441,178.6046512,178.6046512,382.0155039,45797.2093,401.8604651,2564.96124,54439.68992,238.1395349,2227.596899,4415.503876,77494.57364,21015.81395,18555.03876
Scheldt-WestBank,Motebeek,mot,442,216.802168,41.69272462,45.02814259,6018.761726,140.0875547,1664.373567,36899.729,86.72086721,361.8928497,3096.935585,43513.86283,13856.99395,2868.459454
Scheldt-WestBank,Motebeek,mot,443,459.7701149,61.30268199,73.56321839,22703.44828,275.862069,1560.153257,36367.81609,168.5823755,1832.950192,3445.210728,108983.908,19386.97318,14222.22222
Scheldt-WestBank,Motebeek,mot,444,305.7603058,61.15206115,43.68004368,10155.61016,107.016107,2788.970789,57048.32105,159.4321594,572.2085722,3230.13923,54123.94212,7637.455637,2861.042861
Scheldt-WestBank,Motebeek,mot,445,299.8027613,228.7968442,323.4714004,50130.17751,NA,3439.842209,78201.18343,260.3550296,2824.457594,5617.357002,95021.69625,24575.93688,21459.56607
Scheldt-WestBank,Motebeek,mot,446,216.0945414,93.04070531,144.0630276,25523.16639,117.0512099,3136.372163,53036.20334,426.1864566,975.4267492,3763.646595,97497.65522,1161.50816,2881.260551
Scheldt-WestBank,Motebeek,mot,447,369.7996918,336.9286081,295.8397535,40636.87725,1158.705701,4503.338469,261941.4484,410.8885465,4790.960452,6771.443246,122880.3287,63589.11145,82424.24242
Scheldt-WestBank,Motebeek,mot,448,361.1475171,81.54943935,151.4489588,20946.55599,479.9767002,3790.883938,42755.20606,326.1977574,785.2046017,3921.363041,93926.31426,11568.37047,6920.052425
Scheldt-WestBank,Motebeek,mot,449,194.424589,121.991899,312.6042411,25286.63331,19.06123421,3335.715988,58563.736,369.7879438,3682.63045,3579.699786,79573.02835,2489.397188,3507.267096
Scheldt-WestBank,Motebeek,mot,450,387.400094,75.22331923,NA,18012.22379,203.1029619,2903.620122,45111.42454,199.341796,1075.693465,4250.117536,96865.06817,17049.3653,3798.777621
Scheldt-WestBank,Oude Schelde,osc,451,260.0331675,127.3631841,NA,NA,1533.665008,2547.263682,115449.4196,NA,NA,5556.218905,140019.9005,56814.5937,99396.35158
Scheldt-WestBank,Oude Schelde,osc,452,462.7621114,64.78669559,115.6905278,NA,NA,2207.375271,69317.13666,94.86623283,805.2060738,2790.455531,97652.06074,8045.119306,6802.603037
Scheldt-WestBank,Oude Schelde,osc,453,241.6283651,50.77697527,92.79929963,10134.38389,630.3348654,1973.298315,33176.62508,78.79185817,376.4499891,2673.670387,83789.01291,6839.13329,3081.63712
Scheldt-WestBank,Oude Schelde,osc,454,210.0238663,222.7525855,229.1169451,20213.20605,1896.579157,2456.6428,67608.59189,NA,NA,4391.408115,143898.1702,39108.98966,62943.51631
Scheldt-WestBank,Oude Schelde,osc,455,175.7733449,115.6403585,129.5172015,20653.36803,23.1280717,2396.068228,49461.69413,NA,NA,2863.255276,89052.32726,21671.00318,4671.870483
Scheldt-WestBank,Oude Schelde,osc,456,192.699648,106.7259589,62.25680934,13008.70854,14.82304984,3139.521957,23043.91329,85.97368909,637.3911432,2730.405781,59630.16491,11384.10228,4061.515657
Scheldt-WestBank,Oude Schelde,osc,457,197.9571285,73.65846641,264.7101137,21054.81226,329.1612718,3482.664365,55770.96821,89.77125593,642.209754,3581.642929,86235.64955,1705.653863,2969.356927
Scheldt-WestBank,Oude Schelde,osc,458,322.0125786,125.7861635,332.0754717,24261.63522,145.9119497,1927.044025,49791.19497,216.3522013,NA,3778.616352,144397.4843,27738.36478,35622.64151
Scheldt-WestBank,Oude Schelde,osc,459,412.470024,115.1079137,115.1079137,16896.88249,43.16546763,2047.961631,35386.09113,110.3117506,1189.448441,4052.757794,80143.88489,27899.28058,7050.359712
Scheldt-WestBank,Oude Schelde,osc,460,203.0853349,74.98535442,109.3536419,32927.94376,234.3292326,2783.831283,30544.03437,106.2292521,971.6852177,2861.941027,76500.68346,15122.04648,12466.31517
Scheldt-WestBank,Oude Schelde,osc,461,283.112152,79.10486599,NA,14009.88811,NA,2639.604476,54553.21364,158.209732,2194.119178,3905.282332,150844.6526,14109.81004,4829.560239
Scheldt-WestBank,Oude Schelde,osc,462,252.1008403,89.63585434,156.8627451,31924.36975,1011.204482,1030.812325,19613.44538,100.8403361,2070.028011,2078.431373,60672.26891,16322.12885,16946.77871
Scheldt-WestBank,Oude Schelde,osc,463,246.7276313,74.59207459,63.11637081,14806.52681,1210.686749,1414.380491,86162.45293,154.9220011,3617.715618,1936.525013,66972.20728,12003.58616,2323.830016
Scheldt-WestBank,Oude Schelde,osc,464,196.651833,45.77240941,94.93536766,7177.791905,922.2292859,1424.030515,27875.39733,69.50625132,927.3151091,2458.147913,77518.11825,6092.816275,2390.336936
Scheldt-WestBank,Oude Schelde,osc,465,282.4392481,91.70105456,33.01237964,11741.40303,1096.744613,1056.396149,26079.77992,110.0412655,2431.911967,1848.69326,52845.48372,2028.427327,3337.918386
Scheldt-WestBank,Oude Schelde,osc,466,207.1497585,64.92753623,108.2125604,NA,847.1497585,2068.405797,38749.37198,92.75362319,1548.985507,3320.57971,117701.256,8530.241546,4514.009662
Scheldt-WestBank,Oude Schelde,osc,467,226.873734,90.02925951,NA,12618.50101,1382.849426,1832.995724,66974.56673,151.249156,2751.294171,3572.361017,98077.87531,7292.37002,3673.193788
Scheldt-WestBank,Oude Schelde,osc,468,261.6467009,106.4841225,133.8657539,NA,1134.816505,1734.169994,40059.32687,82.14489447,1423.844837,3115.421183,76492.10877,13015.40217,7818.976992
Scheldt-WestBank,Oude Schelde,osc,469,220.747104,49.98047638,45.81543668,10056.48835,1807.627229,735.1295067,20217.10269,99.96095275,2769.751399,1295.327346,32953.79409,5416.634127,5435.376806
Scheldt-WestBank,Oude Schelde,osc,470,198.4056687,51.96338943,61.41127842,11760.25982,847.9480366,949.5128432,25880.12991,70.8591674,1291.998819,2095.069383,81006.20018,8203.129613,4157.071154
Scheldt-WestBank,Oude Schelde,osc,471,221.1749921,60.3204524,40.21363494,8087.967326,937.4803644,1058.121269,26958.21552,95.50738297,2262.016965,2332.390826,77519.32139,13604.77537,9802.073516
Scheldt-WestBank,Oude Schelde,osc,472,175.4385965,165.4135338,185.4636591,15263.15789,1012.531328,2330.827068,46295.73935,125.3132832,2070.175439,4822.055138,150446.1153,15839.599,6516.290727
Scheldt-WestBank,Oude Schelde,osc,473,180.5625737,72.76402223,37.72949301,9400.033687,1104.935152,1142.664645,32126.6633,123.9683342,2646.454438,2040.087586,76887.31683,11176.01482,2748.863062
Scheldt-WestBank,Oude Schelde,osc,474,320.5081226,74.2640772,50.81226334,7287.651154,760.2296323,967.3873214,41283.00965,46.9036277,969.3416392,1737.388543,47749.84732,12601.44131,8755.343838
Scheldt-WestBank,Oude Schelde,osc,475,209.7777778,99.55555556,67.55555556,14382.22222,1699.555556,1077.333333,29269.33333,110.2222222,2446.222222,1994.666667,37685.33333,16636.44444,10880
Scheldt-WestBank,Lede,led,476,486.6109294,62.03804677,60.09935781,9321.216527,465.2853508,473.0401066,13186.96232,54.28329092,1176.7842,1087.604507,28138.13159,6382.164062,1764.206955
Scheldt-WestBank,Lede,led,477,484.8484848,143.4058899,532.6504481,29166.02646,4882.629108,3551.002988,105020.9134,239.0098165,4281.690141,8542.893726,168686.2996,35817.32821,8058.045241
Scheldt-WestBank,Lede,led,478,214.1662019,20.82171407,28.75379562,7252.897069,521.534362,243.9115077,10128.27663,40.65191795,978.6205614,703.9722377,16380.73991,3915.473756,3222.40813
Scheldt-WestBank,Lede,led,479,502.9469548,272.4296005,NA,73157.8258,3992.141454,4390.307793,101941.0609,523.9030779,NA,16702.03012,218425.6713,77778.65095,103628.0288
Scheldt-WestBank,Lede,led,480,781.6304515,76.43704731,88.76560333,10459.54693,1575.589459,1797.503467,47649.86901,86.29989213,1489.289567,3225.150254,118250.5779,12358.14455,4043.766374
Scheldt-WestBank,Lede,led,481,356.8414708,163.9541893,279.6865582,20156.72092,6249.54792,4547.317661,56000,154.3098252,3404.460518,2936.708861,84798.07113,18049.42737,19481.61543
Scheldt-WestBank,Lede,led,482,448.8586862,80.85032236,64.12266945,13368.18261,683.0458268,2110.472208,30608.81687,75.27443806,1460.881687,1435.790207,42755.88082,3777.661614,2843.700993
Scheldt-WestBank,Lede,led,483,631.3131313,156.5656566,95.95959596,15207.07071,3469.69697,1929.292929,42136.36364,247.4747475,5272.727273,2843.434343,92676.76768,9005.050505,5202.020202
Scheldt-WestBank,Lede,led,484,366.5086888,183.2543444,461.2954186,63974.72354,2085.308057,8726.698262,72442.33807,221.1690363,3475.513428,4246.445498,181244.8657,2483.412322,4612.954186
Scheldt-WestBank,Lede,led,485,236.5863963,141.9518378,108.1537812,27917.19476,3460.920997,3758.343895,88868.61005,405.5766793,9618.926912,4650.61259,183509.9282,5441.487114,5813.265737
Scheldt-WestBank,Lede,led,486,451.3529073,267.1272309,82.9015544,96267.12723,3288.428325,4753.022453,75790.44329,248.7046632,4651.69833,4485.895222,110369.6028,35205.52677,38134.71503
Scheldt-WestBank,Lede,led,487,354.4690604,134.4537815,52.9666412,13351.66794,1022.663611,3670.995671,58507.76674,154.8255666,1931.245225,3023.172906,166588.2353,2257.193787,3870.639165
Scheldt-WestBank,Lede,led,488,464.753808,187.0350691,175.6996103,25941.19731,4035.423309,5129.295076,73986.53914,175.6996103,3151.257527,3774.707758,217329.0825,23243.35813,4874.247255
Scheldt-WestBank,Lede,led,489,463.9111659,75.6734526,36.19165124,8978.819659,710.6724244,3313.181164,31305.77833,134.8961546,1516.759202,1562.821304,82056.34382,1536.500103,3125.642607
Scheldt-WestBank,Lede,led,490,596.2154294,130.4221252,18.63173217,8160.69869,1388.064047,1103.930131,50124.01747,125.7641921,2389.519651,1085.298399,35838.13683,24295.77875,27947.59825
Scheldt-WestBank,Lede,led,491,64,98.13333333,25.6,9578.666667,1092.266667,4142.933333,54613.33333,102.4,1928.533333,3212.8,182647.4667,6899.2,7125.333333
Scheldt-WestBank,Lede,led,492,1243.107769,922.3057644,NA,133373.4336,NA,NA,726857.1429,NA,NA,38937.34336,NA,26225.56391,52932.33083
Scheldt-WestBank,Lede,led,493,334.5633456,183.6818368,216.4821648,23589.9959,2624.02624,4047.560476,64137.76138,367.3636736,8757.687577,4316.523165,126832.3083,33685.93686,17843.37843
Scheldt-WestBank,Lede,led,494,355.5555556,137.9767828,334.3283582,21328.02653,1629.187396,5094.527363,54341.62521,180.4311774,3343.283582,4256.053068,161921.0614,2388.059701,4776.119403
Scheldt-WestBank,Lede,led,495,82.05128205,71.46401985,44.99586435,6421.174524,4817.204301,929.0322581,21939.45409,100.5789909,2392.721257,1103.722084,55927.21257,1908.354012,2514.474773
Scheldt-WestBank,Lede,led,496,429.0657439,133.7946943,202.9988466,24115.34025,1504.036909,2145.32872,32262.97578,143.0219146,2352.941176,3441.753172,126002.3068,20752.01845,27866.20531
Scheldt-WestBank,Lede,led,497,988.0478088,223.1075697,159.3625498,69705.17928,NA,4398.406375,126725.0996,339.9734396,7745.01992,5428.950863,132069.0571,8552.456839,8818.061089
Scheldt-WestBank,Lede,led,498,391.2483912,350.0643501,267.6962677,31155.72716,3994.851995,5528.957529,94712.99871,422.1364221,6435.006435,8916.344916,NA,12942.08494,16885.45689
Scheldt-WestBank,Lede,led,499,420.2020202,193.9393939,210.1010101,61018.18182,3571.717172,8193.939394,220549.4949,339.3939394,4371.717172,7959.59596,297123.2323,6149.494949,9292.929293
Scheldt-WestBank,Lede,led,500,258.5858586,484.8484848,436.3636364,52056.56566,7159.59596,NA,214626.2626,597.979798,8371.717172,10052.52525,NA,77284.84848,112161.6162
Scheldt-WestBank,Molenaarsdreefbeek,mdb,501,83.28128253,33.31251301,86.61253383,7318.759109,934.41599,1217.572351,31955.02811,154.9031855,1084.322299,2235.269623,75910.88903,777.8471788,1132.625442
Scheldt-WestBank,Molenaarsdreefbeek,mdb,502,59.13978495,96.77419355,NA,37720.43011,1580.645161,2155.913978,52424.73118,537.6344086,6924.731183,8564.516129,106612.9032,1381.72043,53.76344086
Scheldt-WestBank,Molenaarsdreefbeek,mdb,503,35.69152326,107.0745698,321.2237094,36461.44041,2146.590185,1239.005736,51533.4608,402.804334,5057.998725,3854.684512,79780.75207,5695.347355,50.98789038
Scheldt-WestBank,Molenaarsdreefbeek,mdb,504,106.7961165,58.25242718,352.7508091,13734.62783,1954.692557,1576.05178,48815.53398,249.1909385,2213.592233,4051.779935,76679.61165,970.8737864,906.1488673
Scheldt-WestBank,Molenaarsdreefbeek,mdb,505,91.2795436,130.399348,358.598207,31471.88264,801.9559902,1480.0326,45163.81418,436.8378158,4257.538712,4192.339038,91292.58354,1603.91198,2607.98696
Scheldt-WestBank,Molenaarsdreefbeek,mdb,506,73.92739274,89.7689769,184.8184818,21354.45545,1969.636964,1425.742574,44176.89769,348.5148515,3643.564356,3210.561056,51933.9934,18122.77228,10561.05611
Scheldt-WestBank,Molenaarsdreefbeek,mdb,507,88.8215998,60.56018168,213.9793086,15192.53091,1037.597779,1869.290941,83330.80999,242.2407267,2022.710068,3742.619228,92596.51779,2923.038102,2220.539995
Scheldt-WestBank,Molenaarsdreefbeek,mdb,508,50.34612964,57.05894693,104.0486679,12026.01217,949.8636459,1325.781414,39672.75016,275.2255087,3396.685546,2651.562828,91220.47409,1325.781414,771.9739878
Scheldt-WestBank,Molenaarsdreefbeek,mdb,509,72.92905272,66.58739596,206.1038446,9965.913595,285.3745541,1334.918748,29314.30836,171.2247325,1499.801823,3208.878319,91424.49465,13117.717,1617.122473
Scheldt-WestBank,Molenaarsdreefbeek,mdb,510,71.35931743,71.35931743,102.3851076,10440.1784,840.7989141,1231.72387,34838.8598,217.1805313,3006.399069,3012.604227,95962.76905,5680.822183,2513.089005
Scheldt-WestBank,Molenaarsdreefbeek,mdb,511,63.96344946,73.10108509,149.2480487,16130.97278,767.5613935,1206.167904,35356.55816,179.7068342,1897.582334,2917.951647,106706.2631,5835.903293,426.4229964
Scheldt-WestBank,Molenaarsdreefbeek,mdb,512,50.01953888,206.3305979,256.3501368,31449.78507,NA,2025.791325,62374.36499,493.9429465,8997.264556,4339.194998,98907.3857,8453.302071,62.5244236
Scheldt-WestBank,Molenaarsdreefbeek,mdb,513,44.07713499,70.52341598,164.5546373,62139.9449,746.3728191,1557.392103,39437.28191,161.6161616,1536.822773,3144.168962,72765.47291,2635.812672,1322.31405
Scheldt-WestBank,Molenaarsdreefbeek,mdb,514,104.5751634,46.78362573,NA,10289.64568,710.0103199,1312.693498,51748.19401,165.1186791,2201.582387,2930.856553,74493.29205,5201.23839,2201.582387
Scheldt-WestBank,Molenaarsdreefbeek,mdb,515,128.8669229,61.50466776,207.9443529,NA,430.5326744,1845.140033,36964.30533,152.2972726,1607.907743,3309.536884,110318.8724,9735.310269,6121.178839
Scheldt-WestBank,Molenaarsdreefbeek,mdb,516,59.45774536,107.0239417,166.481687,19882.67005,1135.642936,1545.901379,44789.51958,327.0175995,4489.059775,3276.121769,85476.45473,11879.65752,2259.394324
Scheldt-WestBank,Molenaarsdreefbeek,mdb,517,73.71435687,41.83787822,183.2897522,8369.567924,824.8038849,1546.009214,32113.55996,119.5367949,1119.661312,2872.867638,88309.79953,2416.635537,1035.985556
Scheldt-WestBank,Molenaarsdreefbeek,mdb,518,48.35297673,111.2118465,241.7648837,24790.57117,1431.248111,2142.036869,145687.5189,381.9885162,6169.839831,3413.720157,109640.3747,4448.473859,1692.354186
Scheldt-WestBank,Molenaarsdreefbeek,mdb,519,152.7165932,93.979442,364.1703377,NA,1104.258443,1814.977974,40945.66814,299.5594714,4205.580029,4387.665198,122279.0015,6067.547724,998.5315712
Scheldt-WestBank,Molenaarsdreefbeek,mdb,520,44.74272931,62.63982103,NA,9891.126025,1160.328113,1718.120805,38347.50186,146.1595824,1646.532438,2815.809098,101372.1104,1929.903057,2087.994034
Scheldt-WestBank,Molenaarsdreefbeek,mdb,521,46.86927865,58.58659832,103.5029904,10684.24265,2325.887953,2476.260222,39376.05273,136.7020627,1306.481142,2628.585378,101005.2484,4173.318687,2148.175272
Scheldt-WestBank,Molenaarsdreefbeek,mdb,522,28.15485168,104.5751634,136.7521368,22897.93866,2429.361488,1677.224736,35072.90096,205.1282051,2819.50729,2972.347914,93695.32428,12042.23228,6475.615887
Scheldt-WestBank,Molenaarsdreefbeek,mdb,523,82.22576644,62.37816764,232.500443,11514.44267,1715.39961,1292.929293,29329.08028,153.1100478,1939.393939,2815.523658,87326.59933,9555.201134,1871.345029
Scheldt-WestBank,Molenaarsdreefbeek,mdb,524,62.54212158,25.87949858,293.300984,8453.969538,532.6863459,1505.324168,28605.47244,94.89149481,536.9995956,3140.045828,104740.8006,744.0355843,1056.746192
Scheldt-WestBank,Molenaarsdreefbeek,mdb,525,43.94095434,35.7020254,274.6309646,27273.6011,1320.97494,1290.765534,35850.32612,186.749056,2213.525575,3018.194301,67204.94336,9546.172331,4860.968074
