FishID,River,Riv,Region,XO,POX,CAT,SOD,GR,GPX,GST,FRAP,Polyphenol,ProteinContent
1,Velpe,ve,Scheldt-East,0.200139151,0.156498955,1.172701338,186.2357738,0.028527776,1.435874278,0.816084893,18.34280537,9.824378369,13.28450704
2,Velpe,ve,Scheldt-East,0.186210656,0.390360975,0.706733835,488.3836662,0.024319774,3.75047398,0.877900421,12.09253417,10.66129221,7.756046267
3,Velpe,ve,Scheldt-East,0.208810565,0.141874716,0.181738128,179.0267558,0.082690222,1.27094871,0.781322105,8.844924363,6.615654392,8.403443329
4,Velpe,ve,Scheldt-East,0.227829653,0.098121538,0.214093073,143.2924066,0.096586088,1.112003061,0.798794229,15.8423493,11.9855172,13.99381762
5,Velpe,ve,Scheldt-East,0.25241303,0.172013261,0.566297001,240.2976496,0.080783543,1.826187815,1.052983955,20.49636286,16.56127672,12.38143631
6,Velpe,ve,Scheldt-East,0.210560595,0.153470918,0.252884929,244.6562023,0,1.351674618,0.833054171,5.836787673,6.054980995,10.54224344
7,Velpe,ve,Scheldt-East,0.219978519,0.155252521,0.15013677,172.0109497,0.114178149,1.263359258,0.858926395,10.98847639,8.761794724,10.61906412
8,Velpe,ve,Scheldt-East,0.226129783,0.156661631,0.589797537,219.8157473,0.090711835,1.759866303,0.865862693,21.77535383,17.44719927,12.57151939
9,Velpe,ve,Scheldt-East,0.265134352,0.104899327,1.893122785,157.1386004,0.150915269,1.024218245,0.961493112,10.34553081,8.843276201,10.64278982
10,Velpe,ve,Scheldt-East,0.288190855,0.105891564,0.311107981,160.3710166,0.115816139,1.265146552,1.03442121,10.37796454,9.926876669,12.2785957
11,Velpe,ve,Scheldt-East,0.293440504,0.18150415,0.102806549,201.0962586,0.164288636,1.480445972,1.160087945,17.75052227,20.13088633,13.98047375
12,Velpe,ve,Scheldt-East,0.233645584,0.123356578,0.198351462,159.866373,0.139476085,1.208949991,0.898467911,19.48688056,13.844024,15.13428703
13,Velpe,ve,Scheldt-East,0.272412236,0.11708982,0.107223369,171.0062129,0.11351122,1.075627958,0.991050015,11.8796536,12.10112663,14.03278689
14,Velpe,ve,Scheldt-East,0.32610692,0.159689884,0.166529096,230.9590635,0.173372411,1.397815064,1.195521451,19.19876409,7.857089912,12.94196131
15,Velpe,ve,Scheldt-East,0.302347898,0.122986217,0.142119388,189.1261325,0.076864555,1.188998581,1.025495191,21.46095415,20.28268999,13.31289218
16,Velpe,ve,Scheldt-East,0.292793029,0.122420239,0.709873038,212.2756583,0.126846898,1.153513977,1.075942356,20.27700831,17.47888239,12.40497076
17,Velpe,ve,Scheldt-East,0.327061783,0.117360218,0.10970996,208.4268563,0.160449602,1.221422592,1.139824897,21.93480861,20.51767677,14.8881392
18,Velpe,ve,Scheldt-East,0.305278244,0.137272591,0.121947959,192.7393501,0.156666074,0.980386915,1.068028011,26.02618988,19.40457204,13.69617225
19,Velpe,ve,Scheldt-East,0.259687774,0.119070352,0.085671939,184.0291512,0.102323647,1.140676106,0.937147458,15.02912115,14.08609421,19.55780933
20,Velpe,ve,Scheldt-East,0.233927309,0.113225406,0.152510192,187.2157675,0.105688763,1.232234893,0.922945672,24.3900622,23.43319965,16.51627742
21,Velpe,ve,Scheldt-East,0.333724805,0.135562207,0.172243139,191.4090288,0.190629814,1.088377092,1.148829189,13.69585875,18.119459,13.70122306
22,Velpe,ve,Scheldt-East,0.298201219,0.101147644,0.12967436,158.3712004,0.165941401,1.054765031,1.09652124,33.00296195,22.72727273,14.62391775
23,Velpe,ve,Scheldt-East,0.320542771,0.191445941,0.190082242,270.1597253,0.02731161,1.735994212,1.244225202,41.05948911,37.39896248,14.26275787
24,Velpe,ve,Scheldt-East,0.242428734,0.132540853,1.494291274,176.2865503,0.091878024,1.074972884,0.893736816,12.39796942,10.70881788,12.87862797
25,Velpe,ve,Scheldt-East,0.327822558,0.160303878,0.157882197,218.9666869,0.297729183,1.257431864,1.175283465,17.21993816,18.79348684,13.21013557
26,Witbeek,wit,Maas,0.249102989,0.119227298,0.1139049,148.0869357,0.121950714,0.825198579,0.878043447,10.8311715,8.276865002,9.959899749
27,Witbeek,wit,Maas,0.242451382,0.099884839,0.202309755,182.8216566,0.193942777,0.805692496,0.852393012,10.05493148,9.095408156,10.67388949
28,Witbeek,wit,Maas,0.326923018,0.159971621,0.067294661,260.9108565,0.198410076,1.483646773,1.205869415,12.71408926,14.8456057,10.1469715
29,Witbeek,wit,Maas,0.202271566,0.120061797,0.099451861,157.1841566,0.138345998,0.839957843,0.747665238,11.43897847,11.12407119,13.10108865
30,Witbeek,wit,Maas,0.231190162,0.089161372,0.076051423,137.2113764,0.143728842,0.613124308,0.833446107,6.648080635,6.870477597,8.1526914
31,Witbeek,wit,Maas,0.201049038,0.061432827,0.02658108,116.026787,0.12868335,0.478480736,0.735683703,17.00002825,15.73030357,17.91304348
32,Witbeek,wit,Maas,0.218886942,0.13523206,0.144964446,179.7274702,0.128228977,1.027038552,0.828086974,9.134928,9.262591127,10.76502339
33,Witbeek,wit,Maas,0.001425496,0.135341402,NA,186.5403456,0.369194897,0.923534522,0.070827873,28.57706063,22.8880566,12.78758694
34,Witbeek,wit,Maas,0.199179924,0.084134044,0.086675148,112.32529,0.233545284,0.549035504,0.710431872,20.03340201,19.1528272,20.23398577
35,Witbeek,wit,Maas,NA,0.091021357,0.149703748,155.4862492,0.129496504,0.866497444,0.004773964,12.65887738,9.018231452,10.01345423
36,Witbeek,wit,Maas,0.206477519,0.114482952,0.19489215,175.3940317,0.160708508,1.007988269,0.830392398,25.2056545,18.54661946,12.27870511
37,Witbeek,wit,Maas,0.24687727,0.16028989,0.158779935,141.6078875,0.083482329,0.748406036,0.922948946,48.9312951,34.94332539,18.61598441
38,Witbeek,wit,Maas,0.241558391,0.092317294,0.381690305,109.5381163,0.090872672,0.514353523,0.799878868,10.9324837,11.93776956,10.94639556
39,Witbeek,wit,Maas,0.221662319,0.034785132,0.138197351,124.4904505,0.045654399,0.484262729,0.800817242,18.67843261,16.44858431,16.46946108
40,Witbeek,wit,Maas,0.230418087,0.10841588,0.073912744,104.2000708,0.072865095,0.384643628,0.740258197,11.52284883,9.673029534,9.534458788
41,Witbeek,wit,Maas,0.177212448,0.096541905,0.416775394,146.2111135,0.030168627,0.585459913,0.665593223,20.39056845,15.06722299,16.53963839
42,Witbeek,wit,Maas,0.209624986,0.102644286,0.118096372,154.6558724,0.066236063,0.798381115,0.80716968,34.53095549,26.01775329,15.40633609
43,Witbeek,wit,Maas,0.151868719,0.142739061,0.062059453,115.3902342,0.177159004,0.430679647,0.568797058,8.719619324,9.063144987,9.057371993
44,Witbeek,wit,Maas,0.201590971,0.0849228,0.090522747,117.9351223,0.049172877,0.660376369,0.73551627,13.98297725,12.05267586,12.74781596
45,Witbeek,wit,Maas,0.286132252,0.127296045,0.987773781,216.3593685,0.065949505,1.075801306,1.018647522,15.14957607,20.43228639,15.50151976
46,Witbeek,wit,Maas,0.193500176,0.070938973,0.109795827,125.3418802,0.071122016,0.658282747,0.73105184,14.01233866,12.03503596,12.84841
47,Witbeek,wit,Maas,0.163130478,0.105983961,0.057234876,134.2608979,0.028582322,0.719470644,0.602072981,17.37248331,13.36629683,13.62373372
48,Witbeek,wit,Maas,0.247167436,0.104115316,0.109494497,152.829198,0.048040347,0.642539637,0.905993041,19.53452947,16.26194522,16.57918106
49,Witbeek,wit,Maas,0.343598504,0.149875645,0.199668898,179.3574702,0.05628667,0.857253389,1.425172928,12.72530075,12.27867792,14.28787164
50,Witbeek,wit,Maas,0.308445562,0.07245662,0.189875748,116.2381504,0.071127916,0.456568142,1.289037422,NA,NA,NA
51,Itterbeek,itt,Maas,0.069097187,0.245807589,0.296786042,332.8083816,0.314880861,1.932788442,0.261731768,24.39250732,1.714224142,4.294102089
52,Itterbeek,itt,Maas,0.253815811,0.131159346,0.192878258,146.4712898,0.098728811,0.692050991,1.074847628,291.4239086,32.47200689,22.8875969
53,Itterbeek,itt,Maas,0.289500858,0.202954586,0.167348587,228.6315005,0.08130527,1.219579043,1.220554524,48.32219644,18.52399899,6.855874519
54,Itterbeek,itt,Maas,0.376474706,0.128862449,0.060775788,158.028325,0.104366922,0.734582568,1.545856635,113.2745657,13.4555738,16.51034483
55,Itterbeek,itt,Maas,0.264654522,0.22121552,0.167788173,208.07218,0.116276323,0.911712078,1.110798119,135.5681511,38.4045584,10.87820513
56,Itterbeek,itt,Maas,0.416004313,0.155602391,0.110293296,192.29073,0.127639546,0.902067947,1.717611009,180.512897,23.29241423,16.17386686
57,Itterbeek,itt,Maas,0.430590956,0.097123349,0.135628231,183.4235086,0.207095844,0.409202561,1.795431245,NA,NA,NA
58,Itterbeek,itt,Maas,0.251053813,0.119212075,0.102649373,172.3777043,0.061300458,0.863679668,1.069183296,53.04064348,5.904072047,7.310492505
59,Itterbeek,itt,Maas,0.070411124,0.220890108,0.120588231,275.7434461,0.29269897,1.390320108,0.364049789,59.73461195,22.54001883,8.52092161
60,Itterbeek,itt,Maas,0.719838985,0.360784074,0.17925034,369.9612086,0.063962686,1.976401668,2.880075616,382.7597841,37.98670465,20.29059829
61,Itterbeek,itt,Maas,0.044890333,0.084316833,0.025457568,178.3833927,0.135321858,0.906656447,0.235632709,213.5306554,13.31140866,15.08668076
62,Itterbeek,itt,Maas,0.795238717,0.238044998,0.098218879,507.1249169,0.502754077,2.337806457,3.31341449,135.9571701,18.2038835,13.16240071
63,Itterbeek,itt,Maas,0.367885924,0.189001043,0.031783847,225.9094878,0.149294143,1.037881396,1.520709779,151.9516825,19.89071038,12.80327869
64,Itterbeek,itt,Maas,0.265838495,0.098578546,0.077940351,162.0087959,0.167303353,0.752865086,1.112779691,120.0110458,32.20017854,15.82193802
65,Itterbeek,itt,Maas,0.303673843,0.151713211,0.207262332,169.2121665,0.15812379,0.790618948,1.280637983,183.213325,20.07686571,13.17759422
66,Itterbeek,itt,Maas,0.572463057,0.198999353,0.096108067,255.8589985,0.09391762,1.308138281,2.298203998,118.5863874,51.19255381,10.9375
67,Itterbeek,itt,Maas,0.540465698,0.215412873,0.102554963,240.9562709,0.097490573,1.174456748,2.168855834,132.0256876,17.31506042,12.20159151
68,Itterbeek,itt,Maas,0.557193536,0.170426235,0.061225675,240.545793,0.083879665,1.222246544,2.227257863,151.9667139,43.91922485,15.25061125
69,Itterbeek,itt,Maas,0.167659009,0.206074308,0.072847483,389.2452141,0.019887212,1.67052583,0.773115377,121.9389018,52.8901432,10.60677328
70,Itterbeek,itt,Maas,0.429289699,0.274922494,0.092956223,254.802909,0.167526904,1.26128429,1.737739263,160.7672683,18.05306204,15.61938959
71,Itterbeek,itt,Maas,0.612398392,0.327239834,0.104016058,411.4952899,0.104584104,2.180578561,1.918505505,213.5737846,20.05752346,11.68392371
72,Itterbeek,itt,Maas,0.410541914,0.17326185,0.048480092,198.6395849,0.142125476,0.963153897,1.708103153,174.7890927,18.38446513,11.42063082
73,Itterbeek,itt,Maas,0.598266356,0.337259284,0.316038035,545.4023091,0.337608509,2.575108904,2.460849525,11.78912045,16.07941834,10.69798658
76,Bosbeek,bos,Maas,0.20851641,0.091103154,0.062890702,139.2151661,0.059785021,0.446180207,0.770989636,14.14357305,11.92124289,13.30687587
77,Bosbeek,bos,Maas,0.377310262,0.172085695,0.101824201,219.2574245,0.10677539,0.693370424,1.350233821,20.26973302,18.72296468,11.99883788
78,Bosbeek,bos,Maas,0.019457312,0.631114593,NA,982.6948099,0.097068536,3.544700265,NA,1.830901241,24.22983731,3.838006231
79,Bosbeek,bos,Maas,0.386437961,0.140296932,0.27344332,186.4588361,0.132191754,0.95527982,1.366789139,20.96491228,14.70797721,15.00230769
80,Bosbeek,bos,Maas,0.275751954,0.190994224,0.162736176,206.5791005,0.11485296,1.0615064,1.019323968,20.53504998,19.59980878,12.99938537
81,Bosbeek,bos,Maas,0.234344578,0.087292909,0.171532042,122.712117,0.10343054,0.319668565,0.829657899,20.56505756,12.11138993,12.37641154
82,Bosbeek,bos,Maas,0.2731885,0.189423295,0.252355481,211.0510695,0.080499417,1.086742131,1.015630273,18.08507404,18.29385712,11.53235124
83,Bosbeek,bos,Maas,0.117633019,0.257840774,0.135581137,251.0060497,0.072704834,1.122793974,0.517332222,17.67239611,19.74538841,13.22096648
84,Bosbeek,bos,Maas,0.149789545,0.131983888,0.804766731,153.5720333,0.121468558,0.532586816,0.609050649,20.01434914,12.10991084,13.10416667
85,Bosbeek,bos,Maas,0.224669961,0.139906649,0.102602623,228.5719998,0.11281928,0.793566923,0.883111321,23.56212697,18.39919817,12.37918814
86,Bosbeek,bos,Maas,0.064444079,0.115523293,0.128302449,134.5150186,0.107957784,0.684182459,0.246065833,19.30741611,14.48271754,15.03256936
87,Bosbeek,bos,Maas,0.343050435,0.110216151,0.107833122,118.1395178,0.126248833,0.50407539,1.296928752,16.0474878,13.32706177,12.99341486
88,Bosbeek,bos,Maas,0.230721657,0.116668302,1.45097479,152.3608974,0.103075864,0.694082137,0.866133421,15.40823051,15.49814198,16.27960057
89,Bosbeek,bos,Maas,0.305724879,0.20149817,0.214571612,266.087784,0.112559124,1.201404177,1.109667964,14.17795303,16.92001448,13.50773616
90,Bosbeek,bos,Maas,0.221741882,0.108474821,0.114137589,151.9969356,0.090797747,0.753072055,0.836585372,15.49030471,13.17738791,14.30147368
91,Bosbeek,bos,Maas,0.328519024,0.171067648,0.012012853,209.6771674,0.090821212,1.022949226,1.186814341,16.17297929,21.6670522,14.46044414
92,Bosbeek,bos,Maas,0.237993367,0.117803303,0.097799384,171.3737572,0.102588119,0.876606049,0.881641753,10.38998007,10.31881583,13.19641332
93,Bosbeek,bos,Maas,0.350463139,0.221974182,0.160306962,283.743151,0.115497503,1.460962551,1.282913314,12.59398496,16.32395382,12.7536526
94,Bosbeek,bos,Maas,0.295520942,0.206340533,0.160189327,248.311174,0.08374134,1.277249914,1.093550205,22.95377226,22.81368821,16.89638783
95,Bosbeek,bos,Maas,0.33280483,0.14350135,0.138563836,188.0310121,0.131782873,0.677537843,1.205014452,21.45483797,18.25570112,12.29530568
96,Bosbeek,bos,Maas,0.275735887,0.321067539,0.197018337,323.1160682,0.111883649,1.487868129,1.123633527,23.4081297,31.31200397,11.58035714
97,Bosbeek,bos,Maas,0.256788158,0.224382984,0.443680315,253.1254031,0.091930412,1.30266737,0.990352211,16.20743034,17.48366013,12.88602941
98,Bosbeek,bos,Maas,0.379185184,0.27930047,0.235904332,292.5422447,0.079238486,1.46296438,1.396670696,10.56476106,12.09317426,11.02081812
99,Bosbeek,bos,Maas,0.649146335,0.102349695,0.076959194,86.71540664,0.077871893,1.096854107,0.767049882,20.28486349,9.126713626,21.06993865
100,Bosbeek,bos,Maas,0.587528903,0.130547991,0.050458361,135.2893061,0.811352467,1.430930715,0.713662352,13.77127028,9.113693324,20.77922078
101,Jeker,jek,Maas,0.589556772,0.043132909,0.074380027,82.00953033,0.063361985,0.901689792,0.685463564,13.18659244,7.068136839,15.05070883
102,Jeker,jek,Maas,0.587504862,0.088481256,0.053339654,84.33416545,0.081089996,0.820553527,0.977819583,19.81479809,6.310551787,13.66658495
103,Jeker,jek,Maas,0.502751598,0.077478821,0.077937664,83.52040722,0.068435474,0.852889856,0.669519247,19.21528866,6.518777972,18.45394046
104,Jeker,jek,Maas,0.325793742,0.037889003,0.043884681,42.81360016,0.19597826,0.474309088,0.347094569,10.33638747,4.86729389,26.07766622
105,Jeker,jek,Maas,0.486346133,0.055943881,0.073185469,67.55973822,0.176239462,0.788096899,0.720876869,14.49759267,6.5267335,15.00140977
106,Jeker,jek,Maas,0.346266715,0.035081448,0.061330206,49.79430258,0.033299175,0.485612966,0.538178642,14.86785909,7.381797091,19.72056132
107,Jeker,jek,Maas,0.488528855,0.068916282,0.07437102,65.23285317,0.259898252,0.666264587,0.808426269,11.30356494,5.754341913,15.68644068
108,Jeker,jek,Maas,0.517485351,0.091197019,0.066124186,78.65436117,0.493320916,0.77255917,0.779979668,7.221916047,4.080214595,12.61256545
109,Jeker,jek,Maas,0.369684816,0.049389073,0.05139472,44.45553234,0.304161368,0.784122425,0.406834548,18.35735836,7.879216796,24.56713376
110,Jeker,jek,Maas,0.517448659,0.062430084,0.075270159,51.03970798,0.069970728,1.103432186,0.62772804,5.72571045,10.78594535,12.67372474
111,Jeker,jek,Maas,0.560537552,0.070167237,0.070582779,75.63868562,0.063911462,0.786279169,0.632488938,12.4412594,6.324404762,12.98571429
112,Jeker,jek,Maas,0.5271945,0.077424768,0.05044315,94.23820666,0.19365294,0.937280228,0.774051308,13.71216503,7.800841134,23.13461538
113,Jeker,jek,Maas,0.399956206,0.03502479,0.064563463,66.10156171,0.16262899,0.680739048,0.399981849,18.3634972,8.55630622,23.35486087
114,Jeker,jek,Maas,0.357967636,0.037374362,0.051856137,45.274506,0.062965351,0.453299337,0.580103492,9.640257004,4.514026512,25.25247721
115,Jeker,jek,Maas,0.31717939,0.041852654,0.026923212,53.63081881,0.068399411,0.529685041,0.491388211,8.642930857,5.007379296,21.20635674
116,Jeker,jek,Maas,0.257473281,0.055702608,0.046371715,70.78111466,0.119163853,0.745024423,0.271634614,17.61317253,6.300198355,29.48902546
117,Jeker,jek,Maas,0.39104136,0.033217206,0.05115787,42.70766238,0.204942686,0.409885372,0.474828337,5.963285532,3.744650499,19.47845934
118,Jeker,jek,Maas,0.424324403,0.059379427,0.039255315,74.98504716,0.036168592,1.317893082,0.652496946,10.38497026,6.354732203,24.21708318
119,Jeker,jek,Maas,0.443064688,0.058706462,0.053122157,70.9532726,0.082961871,1.231579994,0.685461756,10.3757633,6.255855599,21.33717579
120,Jeker,jek,Maas,0.49483871,0.055697417,0.062495182,63.60315064,0.04022548,0.674255664,0.556452313,14.75687755,7.614373769,17.13909224
121,Jeker,jek,Maas,0.411596117,0.055943881,0.062096762,72.27320833,0.114172521,0.754381524,0.575245179,11.49516568,7.334758372,24.08374198
122,Jeker,jek,Maas,0.554977119,0.058292338,0.063085921,78.04112716,0.456479611,1.387882455,0.88529059,13.87121331,8.096867984,19.32957933
123,Jeker,jek,Maas,0.467493122,0.067333881,0.080078002,67.32099918,0.058794481,0.60108711,0.785481783,6.626176714,4.2958607,14.40415457
124,Jeker,jek,Maas,0.33194519,0.040580844,0.046067778,53.08898423,0.029711764,0.490244111,0.544521137,9.279022278,4.860704924,23.97036459
125,Jeker,jek,Maas,0.342921141,0.011320912,0.063278891,44.51192352,0.081407319,0.396569938,0.383990782,9.264588592,5.934402611,21.9065771
126,Dommel,dom,Maas,0.406765895,0.046929168,0.076182476,58.67659692,0.034421125,0.734992252,1.332436397,18.78101629,10.14460676,28.87888446
127,Dommel,dom,Maas,0.427332197,0.043419588,0.067774231,78.10372483,0.107940658,0.746998418,1.262831593,22.15822575,22.81621244,23.65132075
128,Dommel,dom,Maas,0.577306829,0.073582255,0.099541477,88.72267184,0.084879852,1.086462109,2.382072215,22.02069656,11.96069219,11.72854123
129,Dommel,dom,Maas,0.567991479,0.136674645,0.095678558,89.40077905,0.054501335,1.601981849,2.123659948,27.19769855,15.78056551,14.71935484
130,Dommel,dom,Maas,0.501409574,0.149817249,0.111357999,74.47353945,0.093111042,0.846464018,1.919533506,15.12575687,8.706161914,14.06548673
131,Dommel,dom,Maas,0.618200923,0.112323185,0.119806646,98.26398444,0.05664014,1.166120526,2.090352023,22.0544783,8.196881092,12.75157895
132,Dommel,dom,Maas,0.521869659,0.053574418,0.091987547,95.31713691,0.057209209,1.006458315,1.860204238,29.19799499,17.36981342,19.0962406
133,Dommel,dom,Maas,0.585064235,0.057332957,0.080542618,101.4405975,0.068025277,1.213117434,1.90623123,24.02892215,17.24647971,15.16485623
134,Dommel,dom,Maas,0.504947418,0.02746857,0.042876067,101.521691,0.554052531,1.195015262,1.791379933,24.38708952,14.18566002,15.87692308
135,Dommel,dom,Maas,0.524887149,0.053790444,0.054730942,94.46775946,0.05329253,1.295352292,1.335497182,29.77777778,18.95061728,18.972
136,Dommel,dom,Maas,0.425051719,0.039465582,0.065709192,73.59587979,0.043785091,1.003408345,1.291581648,31.01383266,28.13390313,29.00769231
137,Dommel,dom,Maas,0.391661819,0.028439994,NA,66.34729022,0.032721373,0.821101943,1.017855528,37.2854519,16.71680706,25.90830325
138,Dommel,dom,Maas,0.349755242,0.324264728,NA,84.54960818,0.036817085,1.039469025,0.921310046,34.85155196,20.96688034,28.74807692
139,Dommel,dom,Maas,0.446964752,0.591877802,0.050289452,90.50637966,NA,1.066316812,1.108022206,30.88622845,14.82276268,22.95965665
140,Dommel,dom,Maas,0.490071615,0.080800657,0.080078002,96.8212123,0.067210162,1.085507524,1.53809822,42.71893726,20.72854748,21.82962963
141,Dommel,dom,Maas,0.374009982,0.159646047,0.05597,92.32882378,0.009669181,1.05394078,0.817559509,37.70528558,15.14613655,17.78146965
142,Dommel,dom,Maas,0.590631589,0.197759786,0.068493102,112.3401087,0.009681242,1.266091296,1.905139537,38.67091972,27.42424242,19.14141414
143,Dommel,dom,Maas,0.492763024,0.224141723,0.096915758,112.9073427,0.049112294,1.381283275,0.851203028,94.69387755,38.24640967,24.84693878
144,Dommel,dom,Maas,0.577545957,0.165560789,0.085159426,113.8556313,0.108479646,1.425351419,1.713935806,122.2883295,35.12767426,22.3757764
145,Dommel,dom,Maas,0.466694638,0.349901921,0.076425126,91.27013926,0.183269348,1.192979718,1.411476546,61.13793658,21.27930683,23.79633028
146,Dommel,dom,Maas,0.511576418,0.137522875,0.051983516,112.6493399,0.12493447,1.319075562,1.536112884,72.66235765,35.93242365,22.56578947
147,Dommel,dom,Maas,0.595772865,0.267320866,0.08170614,95.27677323,0.124482053,1.049397096,1.117014498,32.49506018,15.70597902,17.15221843
148,Dommel,dom,Maas,0.425745312,0.202095936,0.054077883,109.5422854,0.054237276,1.18751089,1.213297384,96.63307204,44.12923562,27.85460993
149,Dommel,dom,Maas,0.461651612,0.15159125,0.068357137,85.43115561,0.047463659,1.069181375,0.951708818,73.71861025,22.05882353,26.4
150,Dommel,dom,Maas,0.586629166,0.866249222,0.095661625,119.5556677,0.279673612,1.342433337,1.784871164,189.0146879,85.27131783,29.83255814
151,Erkbeek,erk,Maas,0.516285409,0.141983158,0.070398039,92.60447253,0.040539064,0.812583012,0.840023516,34.79895391,11.84725098,16.86521739
152,Erkbeek,erk,Maas,0.805056026,0.197007959,0.138207831,88.66583997,0.053721679,1.165461976,0.906501204,16.5630612,9.477981919,12.90708661
153,Erkbeek,erk,Maas,0.567192931,0.162389971,0.102052656,90.14590545,0.019059741,0.891042873,0.876170319,16.73715539,11.57407407,22.91785714
154,Erkbeek,erk,Maas,0.524792021,0.193224199,0.073695657,100.5518483,0.019018517,0.938823169,0.562574224,35.5380117,7.962962963,17.292
155,Erkbeek,erk,Maas,0.524390644,0.16979631,0.094483164,80.55264447,0.037667495,1.127932203,0.585778354,36.88048246,9.230324074,18.264375
156,Erkbeek,erk,Maas,0.748920812,0.183851177,0.125568272,97.85458635,0.099425039,0.705917774,0.755765346,22.50124221,11.21600904,11.79215686
157,Erkbeek,erk,Maas,0.504322091,0.191446294,0.068991359,65.54153941,0.051080168,0.490710152,0.521420429,10.25880818,5.23415978,15.8307438
158,Erkbeek,erk,Maas,0.472891187,0.136310429,0.070862373,64.87691678,0.047084368,0.473040955,0.533965695,13.75730994,4.91622575,16.49269841
159,Erkbeek,erk,Maas,0.638754443,0.195588892,0.061393135,97.70369731,0.270224048,0.776087155,1.363583229,12.26803471,10.22864019,19.15018051
160,Erkbeek,erk,Maas,0.362801388,0.029513341,0.050674556,50.33299871,0.035017436,0.428963597,0.842041436,10.2147492,6.332898456,24.05949119
161,Erkbeek,erk,Maas,0.501023764,0.024590184,0.116684791,59.84768665,0.024755508,0.571852234,1.038695509,11.28089793,5.857294995,14.73226837
162,Erkbeek,erk,Maas,0.616017519,0.062432692,0.096152684,86.28441044,NA,0.775329721,1.204933787,12.28574309,8.514261388,15.65689655
163,Erkbeek,erk,Maas,0.654496481,0.047531126,0.10815543,82.35372585,0.030077575,0.77199108,1.433324883,15.23023497,10.35418452,13.79845758
164,Erkbeek,erk,Maas,0.524688331,0.0505878,0.078484626,59.76122903,0.026676525,1.018558227,1.115347177,6.639780101,7.087138508,16.88767123
165,Erkbeek,erk,Maas,0.762177416,0.059018597,0.111194,80.85152422,0.04668352,0.78624876,1.701475077,11.80555556,8.680555556,12.675
166,Erkbeek,erk,Maas,0.690970363,0.048155544,0.097995039,68.79335424,0.029626241,0.605221773,1.499100825,15.96321722,10.48935409,15.35652174
167,Erkbeek,erk,Maas,0.569550386,0.062216875,0.095820304,82.19443574,0.037581102,0.797256243,1.068122206,21.40752645,12.12185468,20.86832061
168,Erkbeek,erk,Maas,0.838729024,0.088397789,0.100350052,107.5872435,0.062410047,1.061548665,1.850292301,28.89952153,18.18181818,18.86363636
169,Erkbeek,erk,Maas,0.635089032,0.075249506,0.080542618,97.63657509,0.056687731,0.895666143,1.282867907,14.54243717,7.582582583,12.82864865
170,Erkbeek,erk,Maas,0.441030525,0.069529817,0.05145128,69.45865694,0.022221358,0.672196085,0.781678664,5.110640058,3.479043877,17.30137525
171,Erkbeek,erk,Maas,0.179768984,0.068110437,0.032603118,39.98102039,0.237050601,0.428307335,0.415970303,4.996746116,2.994590417,20.58485317
172,Erkbeek,erk,Maas,0.372015967,0.053560433,0.093870275,59.82103651,0.143981134,0.655560119,0.884169987,14.85526316,8.171296296,15.084
173,Erkbeek,erk,Maas,0.256893131,0.041079991,0.059189835,59.4264851,0.062988642,0.59989183,0.369488844,29.89592626,8.129315756,24.32745763
174,Erkbeek,erk,Maas,0.317793655,0.062577404,0.075774392,81.32307882,0.101568402,0.701979082,0.329689051,10.13276434,8.358358358,16.16108108
175,Erkbeek,erk,Maas,0.230888213,0.035684244,0.054957359,40.90435988,0.039003369,0.414924003,0.619359537,6.867830634,4.952368234,20.36923077
176,Abeek,abe,Maas,0.228669839,0.039501292,0.064273907,40.20333172,0.039250414,0.374944743,1.05403453,6.403753798,3.795520381,11.76014898
177,Abeek,abe,Maas,0.217016552,0.025978339,0.060554586,37.17304733,0.032878053,0.380837442,0.324681614,7.530396402,4.801775668,20.71898734
178,Abeek,abe,Maas,0.309657049,0.063108857,0.073941417,54.70147209,0.040338508,0.528770605,0.817766133,7.009529638,5.179494278,16.11694352
179,Abeek,abe,Maas,0.219477688,0.043367002,0.052649449,41.90468697,0.033783415,0.714649153,0.842683194,6.944562537,4.667025669,20.27528271
180,Abeek,abe,Maas,0.227352829,0.043813854,0.054711717,42.36302958,0.027305214,0.392775004,0.966034333,8.567990989,5.120514483,24.16809339
181,Abeek,abe,Maas,0.317346346,0.031432101,0.08373384,46.82169225,0.057862262,0.653060004,0.916420356,3.584718237,2.700386126,6.484361893
182,Abeek,abe,Maas,0.281490044,0.043465738,0.069079834,41.27855854,0.046031107,0.378193846,0.737814432,6.516917293,5.307539683,16.39771429
183,Abeek,abe,Maas,0.245200446,0.054198269,0.052898573,40.85612356,0.041983678,0.345921852,0.699204398,5.542820466,4.161827333,14.09337979
184,Abeek,abe,Maas,0.160468804,0.034219657,0.049853003,38.74923065,0.046014986,0.286916969,0.473514503,4.267393166,3.315250151,11.9840868
185,Abeek,abe,Maas,0.31136902,0.042635039,0.074929939,54.38785779,0.066767061,0.408437278,0.792686044,5.137777527,4.074470616,10.2509636
186,Abeek,abe,Maas,0.282000584,0.055245486,0.069906572,50.39410413,0.061019697,0.426502258,0.671591751,4.728936074,3.290414878,8.808927039
187,Abeek,abe,Maas,0.22423297,0.04057717,0.064622569,38.84515786,0.048208048,0.326546095,0.684151669,5.432354294,4.395547233,16.04794007
188,Abeek,abe,Maas,0.253035429,0.053170672,0.067976718,44.49951934,0.047519886,0.396545257,0.573222567,6.138500259,4.844506954,16.79662447
189,Abeek,abe,Maas,0.211979786,0.035825276,0.065070737,36.3672234,0.008832523,0.224125272,0.530784032,5.066676808,0.140494541,13.41657033
190,Abeek,abe,Maas,0.2465328,0.0401627,0.077508265,39.6218037,0.056185729,0.320573716,0.70856739,5.68343828,4.930085277,14.02076749
191,Abeek,abe,Maas,0.317117635,0.039286738,0.087215228,45.65412662,0.062151366,0.469588101,0.727077471,6.679838574,4.245059756,11.06538871
192,Abeek,abe,Maas,0.240654952,0.035372553,0.051532602,36.43868031,0.038153967,0.545601723,0.516660349,6.957216461,4.423103401,15.8889715
193,Abeek,abe,Maas,0.302576086,0.034921545,0.09266618,47.37044717,0.054617867,0.811420616,0.799412358,7.035168288,4.472828167,11.92927669
194,Abeek,abe,Maas,0.232402724,0.049695203,NA,39.07863739,0.037777236,0.370625319,0.679167778,6.923362481,4.680424939,20.02758621
195,Abeek,abe,Maas,0.398206826,0.092737388,0.043035288,93.95572095,0.046259895,0.449381834,0.911379816,4.441942866,4.645862553,10.15203366
196,Abeek,abe,Maas,0.321040274,0.050771756,0.029351974,72.81913292,0.044622551,0.344585254,0.869278279,3.115946779,3.431576034,15.01867995
197,Abeek,abe,Maas,0.372102943,0.098204488,0.044864995,90.16926465,0.050523209,0.457866584,0.853765268,5.336781696,4.742547425,10.86714491
198,Abeek,abe,Maas,0.328841766,0.086220707,0.051120706,76.40628232,0.054190162,0.385939693,0.884276061,2.50108345,2.510928128,10.34766697
199,Abeek,abe,Maas,0.435113069,0.150357449,0.066092271,96.71912212,0.047846311,0.478463109,1.121993854,4.913346118,4.376593192,9.444534413
200,Abeek,abe,Maas,0.310309497,0.088070101,0.042959321,68.55199232,0.044748909,0.348315834,0.750384784,3.058019581,3.252878347,15.43071161
201,Molenbeek,mlb,Scheldt-East,0.492436921,0.181548016,0.074362334,143.226478,0.039720227,1.11522175,0.924494642,14.09220726,13.00602929,16.38418605
202,Molenbeek,mlb,Scheldt-East,0.510704322,0.144216541,0.062530438,153.9973097,0.04436243,1.283341726,0.881799019,12.95490793,11.09580655,14.03553719
203,Molenbeek,mlb,Scheldt-East,0.415089327,0.215184459,0.099521295,177.7309212,0.047280615,1.626453168,0.667818991,17.92145338,15.2284264,12.03680203
204,Molenbeek,mlb,Scheldt-East,0.578121828,0.136732435,0.075207797,147.2741331,0.1055798,1.452366023,1.148235042,45.79849624,27.04761905,16.58571429
205,Molenbeek,mlb,Scheldt-East,0.451335582,0.187238317,0.072652913,117.4471956,0.043929421,0.903690955,0.959596374,24.0682351,16.12903226,19.75852535
206,Molenbeek,mlb,Scheldt-East,0.475473573,0.183098451,0.071450221,118.804819,0.04956989,0.866395463,0.988649897,10.68759342,7.764490948,9.330941704
207,Molenbeek,mlb,Scheldt-East,0.404774607,0.087281656,0.031591683,141.5828113,0.030017178,1.215695701,0.763358719,17.79941981,19.16010499,14.11653543
208,Molenbeek,mlb,Scheldt-East,0.452492764,0.129404,0.070134888,206.3162833,0.039095126,1.641995293,1.039006286,23.63933089,13.59173127,11.73767442
209,Molenbeek,mlb,Scheldt-East,0.524289082,0.118609054,0.059244319,178.1833381,0.045033302,1.182124188,1.039460093,22.48470012,27.53229974,13.89534884
210,Molenbeek,mlb,Scheldt-East,0.557295856,0.14998711,0.065032482,185.5566907,0.01977322,1.423671862,1.211958344,4.885964912,13.7037037,13.608
211,Molenbeek,mlb,Scheldt-East,0.49002113,0.124883434,0.056855243,149.6769109,0.030869498,1.173040935,1.235053255,10.26315789,17.40740741,15.84818182
212,Molenbeek,mlb,Scheldt-East,0.520235731,0.198449267,0.092385212,199.7386389,0.020654307,1.259912715,0.970214547,13.08978328,23.73856209,12.77205882
213,Molenbeek,mlb,Scheldt-East,0.500148616,0.088295691,0.065284083,173.0520261,0.022055244,1.323314665,1.131288535,20.74023769,30.25089606,15.74193548
214,Molenbeek,mlb,Scheldt-East,0.478084488,0.15296386,0.060293784,178.6788472,0.048886433,1.393263337,0.926474288,20.05877638,24.03835307,12.41751269
215,Molenbeek,mlb,Scheldt-East,0.409854841,0.200481991,0.085903749,225.1066163,0.013992407,1.7956922,0.596839308,2.539453657,8.193810249,10.5369863
216,Molenbeek,mlb,Scheldt-East,0.411525328,0.120105229,0.054916597,136.4325731,0.028788743,1.022000359,0.913982598,9.226190476,11.74492945,11.12678571
217,Molenbeek,mlb,Scheldt-East,0.502310516,0.160217445,0.070731282,183.887567,0.03520319,1.209709617,0.976628496,11.72582619,15.46080965,13.03534884
218,Molenbeek,mlb,Scheldt-East,0.424913706,0.142860293,0.072207124,153.9466506,0.025829036,1.372167534,0.800145193,10.80928127,16.27410821,15.36221198
219,Molenbeek,mlb,Scheldt-East,0.658979133,0.162761132,0.053634062,204.4190417,0.944119235,1.394721597,1.089957047,28.07373764,24.74901297,10.60913706
220,Molenbeek,mlb,Scheldt-East,0.544677481,0.079460585,0.049612447,201.7129452,0.188559202,1.403718507,0.894560648,11.25936908,16.27543036,12.05915493
221,Molenbeek,mlb,Scheldt-East,0.425024976,0.089354023,0.053465002,166.1320193,0.123687804,1.342896153,0.769338138,10.84870295,18.13865147,13.01538462
222,Molenbeek,mlb,Scheldt-East,0.51241981,0.170639963,0.046611995,154.4388239,0.809853971,1.062933337,0.781611017,13.38987966,17.16406489,13.18016529
223,Molenbeek,mlb,Scheldt-East,0.520729901,0.296930292,0.069522384,282.8272843,0.822048172,1.967043839,0.770394922,10.39157895,24.94222222,12.22
224,Molenbeek,mlb,Scheldt-East,0.379369474,0.112156533,0.032679112,171.2937256,0.070972366,0.97587003,1.015100744,49.46730463,29.17171717,15.31818182
225,Molenbeek,mlb,Scheldt-East,0.427694033,0.175228334,0.120347176,133.9955962,0.083163029,1.081119383,0.88008431,21.12463996,15.9342178,14.48731343
226,Laakbeek,lak,Scheldt-East,0.534710713,0.056780298,0.037421195,141.9533288,0.089826066,0.943173697,1.008796629,23.82066277,17.96002352,11.41142857
227,Laakbeek,lak,Scheldt-East,0.45533795,0.148077382,0.057784004,140.9723554,0.190334191,1.405544796,0.886960381,28.75573549,17.00854701,11.30953846
228,Laakbeek,lak,Scheldt-East,0.539129693,0.210919374,0.070235081,161.0566026,0.116785582,1.101121206,1.23229644,40.96171603,20.38536512,13.05910931
229,Laakbeek,lak,Scheldt-East,0.603555047,0.289544946,0.060260623,169.8553367,0.140940998,1.268468978,1.36977032,32.74257071,15.09826153,10.38979592
230,Laakbeek,lak,Scheldt-East,0.616297598,0.242935737,0.073312333,188.7527517,0.153729109,1.498858817,1.25127088,47.52993595,24.23280423,12.3478836
231,Laakbeek,lak,Scheldt-East,0.585420451,0.198266223,0.157551655,143.8056159,0.470483834,1.409360463,1.570358606,22.42439044,14.50975337,8.757772622
232,Laakbeek,lak,Scheldt-East,0.696554008,0.107867442,0.062858794,162.7081129,0.39248488,1.35970414,1.641877305,19.9950481,13.81048387,6.358064516
233,Laakbeek,lak,Scheldt-East,0.681005927,0.042183875,0.057066003,162.0368347,0.283622129,1.386967822,1.610633067,21.72647528,15.33249158,7.330909091
234,Laakbeek,lak,Scheldt-East,0.368308427,0.094871365,0.041464084,148.7223808,0.435249078,1.067410843,0.583458894,21.06090698,18.43116702,16.91320755
235,Laakbeek,lak,Scheldt-East,0.392753161,0.214090767,0.048607595,150.3475803,0.061580039,1.265469808,0.658329108,19.4906125,17.02404159,15.33157895
236,Laakbeek,lak,Scheldt-East,0.582216714,0.213006115,0.044331222,183.190095,0.168487152,1.52961373,1.164433429,27.9564098,19.70673745,9.810921502
237,Laakbeek,lak,Scheldt-East,0.665372183,0.885047906,0.083972521,204.9442851,0.267673842,1.746606135,1.300727575,32.05483344,20.75273654,10.58137652
238,Laakbeek,lak,Scheldt-East,0.500138302,0.376439935,0.063016926,126.2202308,0.297762778,1.163777769,1.119806514,13.49937912,8.071183706,10.05880218
239,Laakbeek,lak,Scheldt-East,0.431447909,0.169428846,0.044077301,109.8673858,0.156353951,0.949589664,0.958773132,18.68196131,14.9382716,12.35538462
240,Laakbeek,lak,Scheldt-East,0.412056874,0.292368514,0.045636202,126.641415,0.244110474,0.916998854,0.890708798,20.29263442,17.86624681,16.95789474
241,Laakbeek,lak,Scheldt-East,0.456876325,0.126598722,0.046840813,108.6952613,0.178025212,0.966528549,1.023691332,22.62341901,15.59862188,11.24790698
242,Laakbeek,lak,Scheldt-East,0.540852179,0.196453068,0.0715508,194.2589145,0.252514836,1.637332095,0.849506041,38.38774151,28.39662447,14.61234177
243,Laakbeek,lak,Scheldt-East,0.360824101,0.082525659,0.025763086,158.1825474,0.195832592,1.289231233,0.946337203,32.6370614,17.07175926,10.305
244,Laakbeek,lak,Scheldt-East,0.37620836,0.117685786,0.036739471,154.2710923,0.294782082,1.17912833,1.120834527,18.91277489,16.99530516,9.770704225
245,Laakbeek,lak,Scheldt-East,0.323263939,0.117078219,0.032488711,151.1269563,0.108043244,1.018693444,0.790034066,17.06121198,18.47808507,15.22532751
246,Laakbeek,lak,Scheldt-East,0.41532761,0.043394663,0.036125507,168.6839798,0.234554434,1.252863929,1.206507248,21.66763773,19.15402487,11.5704797
247,Laakbeek,lak,Scheldt-East,0.335297866,0.225989547,0.047033358,176.1467302,0.125129904,1.161920533,1.192942322,36.29473684,26.79365079,14.33571429
248,Laakbeek,lak,Scheldt-East,0.280016455,0.252293712,0.034458262,121.975907,0.112254477,1.010290295,0.662665203,21.97431986,18.94793344,15.6326087
249,Laakbeek,lak,Scheldt-East,0.35295972,0.076141724,0.030108834,119.0560311,0.042159501,0.626369731,0.995077154,16.24806698,16.68355285,13.57933131
250,Laakbeek,lak,Scheldt-East,0.301163484,0.125362361,0.039135965,123.6941917,0.043383036,0.731314029,0.744476132,13.94242649,16.81664058,15.28732394
251,Winge,win,Scheldt-East,0.25540252,0.084242389,0.037256945,80.28940391,0.049976594,0.46644821,0.746374401,4.23145933,5.750210438,10.87676768
252,Winge,win,Scheldt-East,0.239611212,0.053528051,0.02785089,88.49981808,0.024992666,0.367539205,0.604100301,5.877038547,6.905320814,14.32112676
253,Winge,win,Scheldt-East,0.305688281,0.079803844,0.047249519,104.9091495,0.063487369,0.457109058,0.898378017,10.56522354,12.81735364,9.968951613
254,Winge,win,Scheldt-East,0.333396215,0.11201165,0.050808356,112.1354119,0.070047685,0.48086789,0.990620983,10.76711386,13.05979182,10.32156863
255,Winge,win,Scheldt-East,0.382357892,0.084333523,0.035901096,151.2933014,0.037902015,0.843951525,1.048107568,12.89499714,9.616441367,10.53293769
256,Winge,win,Scheldt-East,0.262143531,0.060287242,0.031367728,95.31943049,0.033115983,0.55303691,0.695187265,6.532779317,5.631362357,14.07875244
257,Winge,win,Scheldt-East,0.324125411,0.077459575,0.038470636,128.9318735,0.032491812,0.751953373,0.816516345,10.58984509,8.769214897,10.76490251
258,Winge,win,Scheldt-East,0.325546646,0.069525798,0.041107489,120.422945,0.027080715,0.641604627,0.921572347,12.58398656,10.3427896,11.45106383
259,Winge,win,Scheldt-East,0.317052169,0.078557254,0.040873698,133.4124744,0.028244789,0.762609302,0.839067357,9.609022556,8.73015873,10.88742857
260,Winge,win,Scheldt-East,0.283704944,0.092081923,0.034435776,107.5120702,0.039832464,0.569035194,0.755071767,13.33422615,10.76712845,12.03206107
261,Winge,win,Scheldt-East,0.279885953,0.080473853,0.043221588,97.0356998,0.044489746,0.499654067,0.784944561,14.40161436,11.62841245,12.30422535
262,Winge,win,Scheldt-East,0.241801395,0.069276664,0.027905779,83.21776578,0.029461085,0.471377361,0.563487443,6.912768031,5.594135802,15.03407407
263,Winge,win,Scheldt-East,0.274252798,0.067566592,0.04078004,101.5035581,0.039192969,0.53801257,0.679398977,13.63222872,11.70553269,12.43111111
264,Winge,win,Scheldt-East,0.289816677,0.074845053,0.034615309,104.5504939,0.029235652,0.537205114,0.644984174,13.49194905,10.78132927,13.44821918
265,Winge,win,Scheldt-East,0.389098326,0.125663379,0.039229938,105.9158441,0.053381121,0.559581404,0.893047744,12.42012316,9.933774834,10.75629139
266,Winge,win,Scheldt-East,0.242330554,0.127918096,0.034466692,86.35514023,0.030113929,0.502902621,0.543195058,5.466552832,5.089058524,15.15725191
267,Winge,win,Scheldt-East,0.27515391,0.05975771,0.028501192,91.22216134,0.042672641,0.518636719,0.616344759,6.50382444,5.082179931,12.60622837
268,Winge,win,Scheldt-East,0.274196853,0.069717329,0.034978736,88.93132793,0.045955152,0.512071697,0.636123938,6.52119325,5.420377439,13.90534351
269,Winge,win,Scheldt-East,0.319657924,0.088254652,0.049451552,126.5224343,0.026849671,0.774165525,0.819368066,11.14257162,10.43131739,12.68544304
270,Winge,win,Scheldt-East,0.339766117,0.088690071,0.039993069,115.2152547,0.060410011,0.580715585,0.904527857,10.67742887,8.558979147,9.669327731
271,Winge,win,Scheldt-East,0.256081394,0.09204466,0.050171793,79.82571184,0.036114598,0.43337518,0.588537941,4.831196751,4.769709195,12.52405446
272,Winge,win,Scheldt-East,0.364976881,0.088031503,0.042848148,103.0336188,0.039308746,0.576528275,0.824097331,11.48854279,10.08597884,12.22346939
273,Winge,win,Scheldt-East,0.2491674,0.110534774,0.046728295,82.5747889,0.028840631,0.458414244,0.574752038,4.850600527,4.934549577,14.61669759
274,Winge,win,Scheldt-East,0.247888119,0.155105461,0.063712168,149.5412969,0.021524197,0.866348914,0.486362765,10.57179987,8.882030178,12.34666667
275,Winge,win,Scheldt-East,0.322847255,0.146499038,0.07283638,119.0419828,0.034334894,0.67811416,0.724946419,9.572339336,8.399646331,11.08647215
276,Mombeek,mom,Scheldt-East,0.334916311,0.127839481,0.05251221,123.0748703,0.048786263,0.625351192,0.826730353,10.01538935,10.36387264,14.19157895
277,Mombeek,mom,Scheldt-East,0.469769564,0.117936518,0.05938346,138.034974,0.045139068,0.772379601,0.849119151,9.901285912,8.767282269,12.18188011
278,Mombeek,mom,Scheldt-East,0.344349324,0.144375447,0.063562404,131.9591155,0.039042911,0.678370579,0.784509342,14.93223997,11.28394109,14.17508677
279,Mombeek,mom,Scheldt-East,0.414850358,0.104446982,0.049815555,154.5138276,0.079174843,0.975342266,0.956832278,10.09765596,8.576830343,8.966446802
280,Mombeek,mom,Scheldt-East,0.369399803,0.264598064,0.067537002,179.0195974,0.03290821,1.151787362,0.977965989,1.604121539,1.235941169,12.63209121
281,Mombeek,mom,Scheldt-East,0.253064821,0.086077953,0.041155394,83.75118048,0.064406985,0.487652887,0.748881102,8.69554022,6.23776908,15.26105675
282,Mombeek,mom,Scheldt-East,0.394997465,0.136239579,0.060759493,139.8560786,0.067738043,0.759487152,0.900713916,9.796344007,11.3960114,12.22237762
283,Mombeek,mom,Scheldt-East,0.442663629,0.110688162,0.060979295,115.8163291,0.041201873,0.665238575,0.883450239,14.41816567,13.5665729,13.22658228
284,Mombeek,mom,Scheldt-East,0.366959754,0.168717128,0.079219971,149.0149676,0.039059914,0.754073338,0.94497409,13.61104182,12.41881692,15.67109005
285,Mombeek,mom,Scheldt-East,0.355946144,0.171570124,0.064090363,157.1263889,0.041757359,0.881544245,0.725983584,15.12953368,16.23488774,13.35492228
286,Mombeek,mom,Scheldt-East,0.272860427,0.143736192,0.056471512,103.9408307,0.030163944,0.645817775,0.679520182,8.381247236,10.97105509,19.48991597
287,Mombeek,mom,Scheldt-East,0.365994646,0.106515184,0.043664508,113.2282375,0.056168779,0.90210463,0.917219802,13.09787627,10.11208577,11.09368421
288,Mombeek,mom,Scheldt-East,0.321207247,0.131657771,0.049473768,127.7748122,0.031820822,0.660523133,0.649443098,8.437001595,7.687991021,11.27454545
289,Mombeek,mom,Scheldt-East,0.408084554,0.111106401,0.053527008,139.2804557,0.032549928,0.916822979,1.149490883,9.294271277,9.439050701,10.70097087
290,Mombeek,mom,Scheldt-East,0.474338592,0.241970906,0.1035166,169.3269342,0.025519761,1.08458985,1.233762601,14.12605588,18.44993141,13.01697531
291,Mombeek,mom,Scheldt-East,0.142092573,0.076408528,0.028775559,73.13214766,0.034536514,0.598632912,0.42146671,15.93859649,9.351851852,23.373
292,Mombeek,mom,Scheldt-East,0.055543273,0.05835691,0.024290694,72.11271963,0.05401049,0.427897062,0.847675803,13.78121329,5.099592033,13.21943844
293,Mombeek,mom,Scheldt-East,0.103215715,0.057377925,0.022689037,60.3706556,0.06224332,0.453857541,0.574018563,20.43465638,7.508099116,14.01560284
294,Mombeek,mom,Scheldt-East,0.083262507,0.054730588,0.025179287,66.86791838,0.046872237,0.455702303,0.704483482,26.43169485,8.369480592,17.73153153
295,Mombeek,mom,Scheldt-East,0.117666058,0.04818604,0.018877302,54.83178222,0.039716473,0.40954944,0.539617509,24.28829329,8.062151862,15.83271768
296,Mombeek,mom,Scheldt-East,0.183169748,0.068206944,0.034068849,89.67880362,0.061658827,0.829653769,0.619188322,18.74566656,37.4584165,18.66516966
297,Mombeek,mom,Scheldt-East,0.127529715,0.054344033,0.028573085,52.63068998,0.071104588,0.479632766,0.734825238,15.35384737,2.361842655,13.4234763
298,Mombeek,mom,Scheldt-East,0.060729878,0.033379528,0.025472364,70.6085685,0.044005165,0.44005165,0.720071978,18.97626419,12.74509804,14.38729412
299,Mombeek,mom,Scheldt-East,0.136034179,0.072677959,0.027621153,59.63635171,0.039991674,0.503228567,0.597848625,17.8550149,10.6918239,20.31169811
300,Mombeek,mom,Scheldt-East,0.118198411,0.073534536,0.036173427,70.96715306,0.042302241,0.564029885,0.561288281,12.98976608,21.33487654,21.2025
301,Voorste Nete,vne,Scheldt-East,0.214726561,0.095006498,0.043500437,86.51408317,0.030059934,0.801598233,0.485674801,19.00053163,28.11447811,15.06944444
302,Voorste Nete,vne,Scheldt-East,0,0.025844915,0.0197226,138.2002901,0.036992537,0.749585625,0.118944758,NA,18.83372734,16.80255319
303,Voorste Nete,vne,Scheldt-East,0.184873942,0.076847167,0.043276727,83.89678667,0.293202393,0.449166997,0.197569546,4.88327117,8.530183727,14.81338583
304,Voorste Nete,vne,Scheldt-East,0.123492623,0.073857844,0.026900002,107.7226299,0.022951232,0.454313374,0.108824917,7.856598017,17.93701914,17.8
305,Voorste Nete,vne,Scheldt-East,0.116083132,0.081792993,0.019641816,62.06709658,0.022750943,0.297199361,0.370133217,13.36913713,24.52758881,22.0677551
306,Voorste Nete,vne,Scheldt-East,0.147163996,0.094368302,0.014028645,59.95587238,0.030467356,0.329852803,0.295041934,8.299595142,6.251978474,21.56666667
307,Voorste Nete,vne,Scheldt-East,0.092323487,0.035742736,0.020828762,84.42184284,0.029080172,0.336893789,0.072539882,12.94959808,12.7895454,15.91505017
308,Voorste Nete,vne,Scheldt-East,0.048463803,0.017909757,0.011182234,41.716842,0.029952156,0.154377731,0.397862124,9.200266749,2.409573316,24.68304094
309,Voorste Nete,vne,Scheldt-East,0.364798215,0.11423973,0.080471876,161.7348803,0.047664137,0.884373633,0.146369654,6.55145326,39.46932007,12.03669154
310,Voorste Nete,vne,Scheldt-East,0.052099896,0.022896021,0.017154582,56.38195732,0.045535422,0.185815568,0.439696526,15.64826701,6.25564589,18.11853659
311,Voorste Nete,vne,Scheldt-East,0.087940682,0.063552435,0.022485303,73.2900687,0.047397214,0.301987277,0.136818331,7.967332123,12.77139208,18.45724138
312,Voorste Nete,vne,Scheldt-East,0.06884063,0.030446587,0.013418681,34.74375457,0.046952029,0.152171525,0.430556833,7.698947368,4.3,20.25984
313,Voorste Nete,vne,Scheldt-East,0.076521358,0.034759992,0.016770453,51.16047003,0.034279533,0.202633462,0.47016504,13.84337131,5.803741886,14.7971134
314,Voorste Nete,vne,Scheldt-East,0.06531299,0.067667246,0.017212593,38.7200514,0.022939103,0.158186923,0.344771669,6.000097286,3.31176833,22.30141713
315,Voorste Nete,vne,Scheldt-East,0.104909168,0.096226879,0.022051453,76.44003712,0.318299727,0.623161208,0.279324396,5.310391363,7.336182336,14.95615385
316,Voorste Nete,vne,Scheldt-East,0.05447507,0.104043236,0.048831948,38.38015522,0.053382399,0.40402261,0.597457971,7.358075779,12.8992629,14.86142506
317,Voorste Nete,vne,Scheldt-East,0.063669566,0.026179431,0.011237802,48.04693575,0.327560468,0.311235407,0.880591569,17.67853243,5.16751191,14.82697095
318,Voorste Nete,vne,Scheldt-East,0.264890994,0.08933391,0.032382538,165.3103789,0.625870826,0.940980636,0.427880712,10.34139403,31.15615616,15.00844595
319,Voorste Nete,vne,Scheldt-East,0.059655519,0.036375316,0.01598889,46.23867298,0.060707358,0.401076314,0.515781233,10.3891805,9.483877408,16.38436658
320,Voorste Nete,vne,Scheldt-East,0.090159033,0.16126006,0.028867163,75.99346906,0.035340243,0.722047396,0.371538698,5.646211599,16.01164483,15.19912664
321,Voorste Nete,vne,Scheldt-East,0.035749708,0.04244384,0.008885722,25.8768748,0.020018648,0.24920172,0.517532191,7.235754676,7.013314968,20.31250689
322,Voorste Nete,vne,Scheldt-East,0.090393925,0.05806696,0.025535609,62.84904619,0.039369239,0.506267411,0.614939082,7.312030075,5.919312169,16.73785714
323,Voorste Nete,vne,Scheldt-East,0.050334344,0.062957278,0.010936457,35.36022776,0.179276417,0.298634007,0.444146809,7.436090226,6.124338624,20.58361905
324,Voorste Nete,vne,Scheldt-East,0.058845948,0.041601943,0.013409932,46.57479341,0.035100803,0.38831726,0.596040279,13.74269006,7.108884841,16.7557377
325,Voorste Nete,vne,Scheldt-East,0.073310952,0.043046178,0.018965195,51.17505265,0.04190694,0.482375764,0.496636448,10.73469113,10.1106854,19.68045977
326,Molse Nete,mne,Scheldt-East,0.050710222,0.130554772,0.028624247,44.79171239,0.024846534,0.513790389,0.603369473,15.92503987,18.26599327,22.50272727
327,Molse Nete,mne,Scheldt-East,0.25170162,0.047589643,0.033014811,130.7306476,0.007170144,1.037280786,0.481271853,9.76660401,13.64087302,14.35982143
328,Molse Nete,mne,Scheldt-East,0.177185399,0.038343391,0.015960193,77.0962262,0.018664307,0.597257824,0.869258927,24.52232065,13.56802347,14.27376238
329,Molse Nete,mne,Scheldt-East,0.209264782,0.086376123,0.033706418,128.8844229,0.026841271,1.691000077,0.469016948,9.264110503,26.98173286,14.2561086
330,Molse Nete,mne,Scheldt-East,0.064760719,0.045042094,0.018748486,64.76724836,0.007271051,0.570050429,0.496736281,17.47028862,16.93548387,17.05354839
331,Molse Nete,mne,Scheldt-East,0.182599224,0.06482736,0.025484867,99.53937568,0.016278804,0.524177494,0.672823358,9.290376337,13.77895045,12.46068602
332,Molse Nete,mne,Scheldt-East,0.183095151,0.329662353,0.036780582,87.12447241,0.015361524,0.655937054,0.559689642,22.28528838,9.6828855,16.35490196
333,Molse Nete,mne,Scheldt-East,0.167494232,0.036996118,0.024875953,67.6736388,0.009004249,0.441208216,0.818919028,21.85613084,14.50366356,16.19674797
334,Molse Nete,mne,Scheldt-East,0.389626299,0.113363264,0.047186739,191.5345293,0.047579988,0.896699773,0.573904223,10.68520357,42.20824598,11.00890985
335,Molse Nete,mne,Scheldt-East,0.15513752,0.056251367,0.023414275,77.26237479,0.652588204,0.454834203,0.719770354,18.35484939,12.78243652,17.11509434
336,Molse Nete,mne,Scheldt-East,0.22205354,0.080216342,0.038954467,123.3086132,0.008057253,0.564007718,0.539252871,10.03450048,14.10196808,15.96903766
337,Molse Nete,mne,Scheldt-East,0.228891054,0.177409876,0.036922868,117.8963151,NA,0.588052213,0.443687669,10.08591437,11.92653559,16.57037037
338,Molse Nete,mne,Scheldt-East,0.194388932,0.078299535,0.02998435,89.58333371,0.016987798,0.564844289,0.795646732,13.06334699,1.885118652,16.25928144
339,Molse Nete,mne,Scheldt-East,0.255575611,0.259997703,0.029635195,121.9802826,0.026971455,0.472000469,0.436881387,26.30862871,22.67573696,22.62188209
340,Molse Nete,mne,Scheldt-East,0.174706342,0.031563928,0.022072318,79.23597472,0.018546889,0.579233602,0.417354039,12.85927585,17.27081692,19.10851064
341,Molse Nete,mne,Scheldt-East,0.193683617,0.050678827,0.023505568,74.00084334,0.452408049,0.687202099,0.411237564,10.16167871,16.59404503,18.42588235
342,Molse Nete,mne,Scheldt-East,0.191280662,0.132738902,0.033151035,99.26303767,0.405867064,0.662916205,0.618260718,15.88477366,9.853680841,10.75703704
343,Molse Nete,mne,Scheldt-East,0.210759371,0.053546588,0.026746113,97.29953197,0.02581649,0.429199148,0.700701729,19.09907619,6.172839506,11.50869565
344,Molse Nete,mne,Scheldt-East,0.240475593,0.071094041,0.027666962,127.0889155,0.01285375,1.289659613,0.31172762,10.11306043,13.95061728,15.94933333
345,Molse Nete,mne,Scheldt-East,0.355478823,0.136734577,0.043793428,167.0578543,1.720673348,1.179890296,0.727308823,7.93419535,14.67384339,9.469204152
346,Molse Nete,mne,Scheldt-East,0.436836604,0.172194769,0.064507482,180.4163518,0.045401836,0.408616525,1.08596305,15.24884719,13.11961508,7.161933535
347,Molse Nete,mne,Scheldt-East,0.500321897,0.168053464,0.05723279,190.4616841,0.072507136,0.974818162,1.580307297,16.89861673,9.481837607,5.352403846
348,Molse Nete,mne,Scheldt-East,0.282354062,0.062892095,0.028091207,103.9715021,0.092861898,1.180672701,0.320889447,8.10868635,12.08220416,16.4902439
349,Molse Nete,mne,Scheldt-East,0.231018796,0.060709546,0.030323956,87.28055731,0.013720302,0.828363216,0.43170179,10.85958624,20.14469667,16.06666667
350,Molse Nete,mne,Scheldt-East,0.30259269,0.128130373,0.05973347,142.675729,0.023165877,1.113506504,0.424645413,10.54002193,9.04224537,8.6421875
351,Geluwebeek,gel,Scheldt-West,0.009068533,0.058982331,0.02182313,87.33506607,0.028141011,0.559858013,0.338110753,18.27766532,23.86039886,24.95480769
352,Geluwebeek,gel,Scheldt-West,0.183648836,0.073344279,0.034890389,139.5746508,0.071038884,0.972443393,1.049805478,22.66647281,13.63310825,8.968508287
353,Geluwebeek,gel,Scheldt-West,0.138435286,0.064079,0.034879393,116.0769006,0.046787338,0.816179122,0.718280407,17.05971159,10.55060996,10.23916914
354,Geluwebeek,gel,Scheldt-West,0.037605159,0.03261152,0.022623897,58.29873119,0.036850868,0.464320935,0.45915435,15.68331657,17.92875678,19.93184713
355,Geluwebeek,gel,Scheldt-West,0.131181144,0.07809047,0.032504663,119.5403635,0.017648375,0.919676408,0.644047539,14.00167084,39.03586126,17.2861552
356,Geluwebeek,gel,Scheldt-West,0.083187636,0.044749141,0.025399835,72.0739212,0.033097957,0.524510686,0.508195146,14.39934582,19.26396736,23.62118644
357,Geluwebeek,gel,Scheldt-West,0.036241441,0.029442281,0.017825691,69.40113408,0.038713766,0.519409694,0.434385174,15.43956845,12.61926747,17.60277008
358,Geluwebeek,gel,Scheldt-West,0.079721532,0.111653964,0.014819188,80.88797392,0.023519263,0.531452814,0.340126491,15.56750758,9.416959539,15.11094891
359,Geluwebeek,gel,Scheldt-West,0.056661283,0.039485215,0.024653205,70.35007876,0.022946457,0.562188202,0.471695546,21.14731273,16.66666667,19.1447619
360,Geluwebeek,gel,Scheldt-West,0.065738129,0.100112796,0.032555716,95.88090043,0.026867662,0.567520446,0.40351453,16.05878732,23.18875893,23.84473684
361,Geluwebeek,gel,Scheldt-West,0.067944122,0.037100904,0.019561153,63.41975699,0.027949234,0.498241675,0.599158983,22.33918129,17.53543667,16.97925926
362,Geluwebeek,gel,Scheldt-West,0.028728316,0.04230585,0.029716102,69.44673831,0.045415146,0.493590925,0.684781883,12.45137731,15.89994972,14.55339367
363,Geluwebeek,gel,Scheldt-West,0.103364985,0.04598145,0.025975018,40.19766142,0.050474289,0.597526511,0.656467306,15.20608751,9.504685408,12.47855422
364,Geluwebeek,gel,Scheldt-West,0.067270436,0.04450167,0.021373313,61.48715795,0.041776629,0.465732046,0.656142893,18.45986648,13.54747077,14.65663717
365,Geluwebeek,gel,Scheldt-West,0.115735708,0.089506845,0.052780263,53.81650441,0.04045693,0.523130576,0.604621848,17.06598586,13.05970149,17.01716418
366,Geluwebeek,gel,Scheldt-West,0.104360615,0.056189423,0.023388491,49.25992948,0.036685301,0.418118363,0.703395323,17.33253589,10.47979798,12.38318182
367,Geluwebeek,gel,Scheldt-West,0.05327534,0.032444408,0.022098729,37.70200289,0.039994944,0.413725472,0.563328317,20.15004103,6.599026644,12.84320713
368,Geluwebeek,gel,Scheldt-West,0.140500722,0.043401052,0.020844707,51.72925697,0.019617196,0.602097003,0.472236827,17.36681152,9.59904859,15.57981651
369,Geluwebeek,gel,Scheldt-West,0.130541345,0.054265694,0.031275347,55.15415957,0.045282451,0.616344467,0.629673374,14.98088797,5.276225947,11.38156425
370,Geluwebeek,gel,Scheldt-West,0.047340738,0.095885414,0.030332888,46.00792115,0.017336012,0.703842103,0.613283108,12.19831346,1.38121547,12.25027624
371,Geluwebeek,gel,Scheldt-West,0.117182733,0.047031684,0.026102187,33.83012847,0.035430391,0.459650278,0.580632271,19.01142502,4.768392371,14.78092643
372,Geluwebeek,gel,Scheldt-West,0.054792165,0.650422114,NA,32.81231042,0.030263635,0.457317156,0.690103708,20.98455093,8.457711443,15.9241791
373,Geluwebeek,gel,Scheldt-West,0.100353252,0.047940072,0.023696267,36.53546361,0.024377428,0.436085092,0.634706578,23.05829678,14.70871914,14.7828125
374,Geluwebeek,gel,Scheldt-West,0.074664956,0.053257087,0.035714989,28.58979523,0.038782836,0.589766582,0.613109884,18.71983452,6.368267831,12.55152838
375,Geluwebeek,gel,Scheldt-West,0.043504026,0.064559033,0.025592655,90.80050082,0.023622361,0.531218906,0.71078214,17.00891573,9.441408622,18.13967213
376,Waalshoekbeek,waa,Scheldt-West,0.088698649,0.012793505,0.01065043,49.49708039,0.016384149,0.400185021,0.485077109,7.744019139,4.179292929,19.33769697
377,Waalshoekbeek,waa,Scheldt-West,0.131482838,0.042022025,0.011112184,41.51970378,0.183793703,0.476726028,0.544893421,4.794746257,3.242397138,16.41216458
378,Waalshoekbeek,waa,Scheldt-West,0.088824258,0.046562059,0.019381162,68.92743328,0.01841522,0.619630288,0.852557371,13.01958215,8.721376979,12.12572614
379,Waalshoekbeek,waa,Scheldt-West,0.156816272,0.05836585,0.022776014,72.63191164,0.015389067,0.602009792,0.493095069,11.28808864,20.6302794,20.45
380,Waalshoekbeek,waa,Scheldt-West,0.159955952,0.043438994,0.02109474,73.10018529,0.014725759,0.644251968,0.415789005,8.572356818,5.021555947,12.43015873
381,Waalshoekbeek,waa,Scheldt-West,0.215157543,0.880841866,0.153128138,104.144135,0.021077942,0.908746728,0.450192233,3.553374963,7.062146893,9.272881356
382,Waalshoekbeek,waa,Scheldt-West,0.226184752,NA,NA,100.841856,0.002333463,1.009010727,0.408759549,4.648827456,12.43920688,11.09292929
383,Waalshoekbeek,waa,Scheldt-West,0.211008397,0.212565851,0.061254821,113.6651549,0.017245016,0.906539127,0.400042572,4.420439746,19.81238881,13.62707424
384,Waalshoekbeek,waa,Scheldt-West,0.137547341,0.078634019,0.041657524,74.65188926,0.012924521,0.58292526,0.621107478,6.768167301,5.426249192,11.86683292
385,Waalshoekbeek,waa,Scheldt-West,0.077233774,0.029915642,0.014008721,37.34539032,0.015212042,0.329133275,0.467216421,8.537376049,3.331320451,17.57835749
386,Waalshoekbeek,waa,Scheldt-West,0.189160163,0.088890724,0.044789716,94.62344335,0.023261204,1.044591483,0.85687773,13.50965353,18.70463428,15.22403685
387,Waalshoekbeek,waa,Scheldt-West,0.488752278,0.24866284,0.098727207,184.7603244,0.156344531,1.402057411,1.399658306,11.64926632,6.854502765,5.455214724
388,Waalshoekbeek,waa,Scheldt-West,0.56571731,0.361215495,0.031378155,464.3562775,0.260875052,3.217458971,0.724394117,9.496402878,9.832134293,6.492805755
389,Waalshoekbeek,waa,Scheldt-West,0.605831629,0.330416302,0.037672271,288.0704767,0.102270613,2.463017255,0.993942517,7.63809086,6.509784894,6.893449782
390,Waalshoekbeek,waa,Scheldt-West,0.410046682,0.193333769,0.024142186,350.1468041,0.133810591,2.475495926,0.51812443,6.60184598,5.949724825,5.653012048
391,Waalshoekbeek,waa,Scheldt-West,0.352967115,0.47138806,0.048161198,290.2285077,0.169484745,2.381260674,0.371530571,2.213716108,8.316498316,5.773090909
392,Waalshoekbeek,waa,Scheldt-West,0.804453581,0.54789409,0.047594596,332.9686385,0.216691232,2.694508362,1.519959448,12.18390805,12.64367816,6.83908046
393,Waalshoekbeek,waa,Scheldt-West,0.504056715,0.225727117,0.0782979,184.4071592,0.114073243,1.418475979,1.186843922,10.98624941,8.133133133,7.331351351
394,Waalshoekbeek,waa,Scheldt-West,0.634110219,0.318810465,0.066351416,253.1392117,0.126089026,2.311632147,1.137681047,9.671290139,8.022462896,6.933574007
395,Waalshoekbeek,waa,Scheldt-West,0.527703882,0.818027858,0.088476094,185.6364663,0.147753266,1.27882999,1.455783632,12.83049172,9.91131977,9.297887324
396,Waalshoekbeek,waa,Scheldt-West,0.564181127,0.353712917,0.05468571,245.0350975,0.126569758,1.94517733,1.291964503,6.135309538,6.252660707,5.803448276
397,Waalshoekbeek,waa,Scheldt-West,0.468426371,0.245351751,0.094270255,181.3107164,0.119429197,1.288840089,1.038183914,15.78947368,10.92117759,9.903296703
398,Waalshoekbeek,waa,Scheldt-West,0.539729306,0.276970062,0.0772155,179.0518167,0.127373505,1.487722539,1.098164826,11.66798907,7.118927973,6.634673367
399,Waalshoekbeek,waa,Scheldt-West,0.256262402,0.117710939,0.051878575,102.5009355,0.112278469,0.716988893,0.86586782,8.498046426,5.226022966,9.534788937
400,Waalshoekbeek,waa,Scheldt-West,0.481113787,0.14998711,0.053066505,189.6945882,0.123582627,1.265935491,1.31210078,13.5918087,11.10452089,9.685409253
401,Meirebeek,mei,Scheldt-West,0.719905504,0.339819984,0.038327821,309.8924935,0.173417106,2.326942261,1.378280622,5.679344346,6.116517978,5.662773723
402,Meirebeek,mei,Scheldt-West,0.606500481,0.25391292,0.045295561,252.7946905,0.179325271,1.789992246,1.180468368,6.863157895,6.24691358,5.0016
403,Meirebeek,mei,Scheldt-West,0.492599167,0.103411085,0.032283156,188.0501911,0.194269861,1.233938948,0.839137871,13.32204781,9.557071692,7.694736842
404,Meirebeek,mei,Scheldt-West,0.67447198,0.193019624,0.061352984,233.1956391,0.131858188,1.692074926,1.632222192,6.608704652,7.01955643,5.718584071
405,Meirebeek,mei,Scheldt-West,0.696465805,0.273606269,0.029285196,282.7748445,0.030917383,2.030007243,1.509068863,4.761208577,4.886831276,4.835
406,Meirebeek,mei,Scheldt-West,0.581369845,0.111447878,0.055667366,237.8769192,0.025187118,1.555876973,1.334090803,8.360590742,7.376020088,6.03559322
407,Meirebeek,mei,Scheldt-West,0.631916378,0.36120749,0.043300894,322.1029798,0.034285676,2.117919686,1.127373727,4.287967876,4.617014835,4.276839237
408,Meirebeek,mei,Scheldt-West,0.690696103,0.254832469,0.061097701,292.5718635,0.080628665,1.926292113,1.401790938,6.335606458,6.152331734,5.543521595
409,Meirebeek,mei,Scheldt-West,0.627974537,0.176071825,0.121449978,253.508109,0.159168283,1.665840777,0.77990386,6.75779254,5.820747932,4.923786408
410,Meirebeek,mei,Scheldt-West,0.687298093,0.329076197,0.070444738,249.5325146,0.083667283,1.779831291,1.344694955,10.46562948,6.959003028,6.067924528
411,Meirebeek,mei,Scheldt-West,0.386966832,0.141120417,0.07489411,130.3925141,0.15348547,0.879053146,0.890793234,5.783615717,4.364060122,8.805479452
412,Meirebeek,mei,Scheldt-West,0.345210378,0.117235582,0.043918711,128.0866496,0.177351803,0.887707418,1.161859575,5.325484765,5.043859649,9.049824561
413,Meirebeek,mei,Scheldt-West,0.674189672,0.250774627,0.045093606,315.9155805,0.063475815,2.064406636,0.66831438,18.49932524,5.698005698,5.217230769
414,Meirebeek,mei,Scheldt-West,0.53681535,0.261569216,0.028580088,253.8976547,0.090518929,1.634630788,1.005406675,9.931506849,2.351054577,5.429354207
415,Meirebeek,mei,Scheldt-West,0.755588507,1.686961207,0.016522045,344.2144615,0.122100212,2.183532366,0.757203012,15.85095917,2.985462098,3.604205607
416,Meirebeek,mei,Scheldt-West,0.343555889,0.107489455,0.040730469,106.2405562,0.167115771,0.755619154,1.253734762,10.57447337,4.329004329,7.223612751
417,Meirebeek,mei,Scheldt-West,0.824106292,1.71803417,0.034523074,308.2463882,0.093721345,2.000098706,0.990132385,17.19394114,4.174256223,4.706557377
418,Meirebeek,mei,Scheldt-West,0.618660939,NA,0.064536884,266.1983446,0.136267589,1.683524126,1.425884182,21.57744789,7.307164715,5.625641026
419,Meirebeek,mei,Scheldt-West,0.754879861,0.232568892,0.055931966,269.9237667,0.102200692,1.767142874,1.225760087,17.58176305,6.029949703,6.094444444
420,Meirebeek,mei,Scheldt-West,0.740793637,0.222989686,0.032486315,291.1567081,0.080842724,1.852033307,1.038063444,6.626028348,5.178907721,5.171186441
421,Meirebeek,mei,Scheldt-West,0.858577765,0.202965851,0.045057732,235.5659285,0.059461235,1.688158525,1.006810849,6.961929319,6.564201089,6.520461095
422,Meirebeek,mei,Scheldt-West,0.49455653,0.173203038,0.024031555,305.6956825,0.030445121,1.949179697,0.433969833,5.53220111,4.614838481,5.647284345
423,Meirebeek,mei,Scheldt-West,0.387233038,0.452947799,0.017403383,210.9698857,0.104728074,1.280789268,0.691645483,2.240674502,2.170981661,6.319223301
424,Meirebeek,mei,Scheldt-West,0.507264895,0.181671482,0.071460523,200.8973621,0.156275444,1.340343621,1.30349288,10.86197637,7.558578987,6.368877551
425,Meirebeek,mei,Scheldt-West,0.469513403,0.256771411,0.057714914,190.5586088,0.167561923,1.267100489,1.186551391,18.11079863,7.657148242,6.741984733
426,Motebeek,mot,Scheldt-West,0.665273117,0.311854387,0.105144002,236.3421545,0.296010981,1.438007892,2.10303554,13.35421888,10.78042328,5.194285714
427,Motebeek,mot,Scheldt-West,0.432484001,0.244094981,0.064348558,155.9045027,0.150172046,1.039112549,1.218553788,36.14161303,11.59072742,11.27913669
428,Motebeek,mot,Scheldt-West,0.443424326,0.262477443,0.053000089,166.8793754,0.106018117,1.055362168,1.206861043,29.42262778,11.15124412,9.429102167
429,Motebeek,mot,Scheldt-West,0.379995615,1.333164911,0.033041124,151.4514403,0.112697773,0.978055669,0.89187206,33.22905165,10.55426055,11.68741259
430,Motebeek,mot,Scheldt-West,0.397174234,0.461686707,0.033310188,154.0966384,0.09738472,0.982700358,1.103324358,20.32737733,7.997604995,7.657274827
431,Motebeek,mot,Scheldt-West,0.422191616,0.952104488,0.026918997,275.4661853,0.099467568,2.929772012,0.532452459,35.46423135,8.244545916,8.646575342
432,Motebeek,mot,Scheldt-West,0.526090382,0.307171744,0.065755692,212.7936373,0.225616729,1.26376923,1.328121639,28.72091207,9.863721288,6.900890208
433,Motebeek,mot,Scheldt-West,0.463873603,0.288867838,0.067334067,195.606519,0.12694085,1.208938499,1.186551391,16.1089139,10.51701991,7.657803468
434,Motebeek,mot,Scheldt-West,0.328820206,0.239699026,0.071416605,117.7243641,0.14635879,0.800135035,1.023714592,15.35414218,10.93649481,10.03622829
435,Motebeek,mot,Scheldt-West,0.694286792,0.558303052,0.221454098,237.5931137,0.357189346,1.519678311,1.562495932,17.88764841,9.539842873,4.185050505
436,Motebeek,mot,Scheldt-West,0.69869258,0.566486467,0.113182271,259.7408954,0.275747061,1.579278621,2.035247885,12.93198193,8.786628856,4.528074246
437,Motebeek,mot,Scheldt-West,0.629754017,0.506738785,0.067000279,341.4935114,0.229887077,2.177496824,1.252688085,22.10397317,10.14433551,5.594117647
438,Motebeek,mot,Scheldt-West,0.702367247,0.419519972,0.076976461,258.1944305,0.223483374,1.623486657,1.932110646,12.05090813,9.259259259,5.004030227
439,Motebeek,mot,Scheldt-West,0.760013679,0.481803464,0.065633771,263.4896793,0.242521358,1.92757235,1.61623162,23.78213943,8.313539192,4.611876485
440,Motebeek,mot,Scheldt-West,0.903598971,0.490208319,0.037994791,392.7942349,0.200562002,2.658358172,1.678488074,27.25019069,8.957326892,4.860869565
441,Motebeek,mot,Scheldt-West,0.92500923,0.842284828,0.210357429,436.5954003,0.188769301,2.97993035,1.443699591,28.78492528,8.497180308,4.98600823
442,Motebeek,mot,Scheldt-West,0.441364699,0.449593873,0.095852501,162.3291269,0.173476736,1.249032496,1.287899115,18.41315789,6.472222222,8.272355556
443,Motebeek,mot,Scheldt-West,0.392122448,0.321852022,0.09796473,151.065249,0.139225578,1.077280512,1.196740528,19.00931617,6.944444444,8.229034874
444,Motebeek,mot,Scheldt-West,0.572804045,0.415803175,0.138460347,224.8660821,0.075012047,1.529616282,1.829412389,22.90780142,9.771473601,4.960851064
445,Motebeek,mot,Scheldt-West,0.891921111,0.909412414,0.082016382,384.8797213,0.129881248,2.386908525,1.79093197,11.92048562,7.991832136,5.120152091
446,Motebeek,mot,Scheldt-West,0.632825564,0.412750025,0.129358742,242.1567248,0.230459254,1.581788513,1.894131447,14.27692037,9.444908568,5.26716792
447,Motebeek,mot,Scheldt-West,0.722738693,0.559879119,0.127562093,302.7822574,0.629331039,2.24397835,1.36421423,16.95587743,9.814310223,4.718256131
448,Motebeek,mot,Scheldt-West,0.499579111,0.268340657,0.095738654,195.4392245,0.495265393,1.393450776,1.092556439,7.019901905,5.513241736,6.361131023
449,Motebeek,mot,Scheldt-West,0.667947139,0.337438338,0.098662174,254.0242447,0.527315217,1.949468377,1.778581241,14.62752742,9.218913903,4.502396514
450,Motebeek,mot,Scheldt-West,0.868675513,0.784170214,0.079472735,351.6664429,0.692192189,2.405102258,1.873532277,25.05311722,9.835960528,5.178546713
451,Oude Schelde,osc,Scheldt-West,0.628550478,0.299915448,NA,255.4970457,0.66556799,2.091956275,2.056538276,25.32613585,11.2113538,5.816524217
452,Oude Schelde,osc,Scheldt-West,1.000426708,0.385273444,0.068423521,251.7984798,0.643361227,1.82850033,1.673228296,32.58824773,11.65774208,5.98373494
453,Oude Schelde,osc,Scheldt-West,0.91187632,0.296786042,0.104443487,202.6185018,0.746953471,1.471110311,1.640867074,24.92530453,11.07876435,5.505676856
454,Oude Schelde,osc,Scheldt-West,0.951018204,0.332425257,0.062266457,260.1010078,0.47987884,1.850192887,1.270660918,27.88323267,10.77717061,5.591803279
455,Oude Schelde,osc,Scheldt-West,0.835572893,0.393918797,0.091092333,222.5715302,0.709729366,1.699573647,1.65245288,35.61950201,12.87902634,6.60509915
456,Oude Schelde,osc,Scheldt-West,0.99925881,0.551451031,0.078166992,346.3280399,0.698503042,2.6549546,1.340529018,33.28536184,10.63368056,5.94375
457,Oude Schelde,osc,Scheldt-West,0.92319783,0.398028136,0.08747729,246.0148138,0.755613541,1.849535872,1.555759306,18.10542712,10.81689166,4.992056075
458,Oude Schelde,osc,Scheldt-West,0.972025122,1.744936433,0.086011427,355.678149,0.690119554,2.830645874,3.080951223,18.32421964,9.199134199,4.81038961
459,Oude Schelde,osc,Scheldt-West,0.830137385,0.558045102,0.109806383,259.3074013,0.508292469,1.887856599,1.809876958,30.09483167,11.36136136,5.436756757
460,Oude Schelde,osc,Scheldt-West,0.954784678,0.351681574,0.076007712,319.4956808,0.545658797,2.205978878,1.979138782,16.50839637,10.13704836,5.127217125
461,Oude Schelde,osc,Scheldt-West,0.878613542,0.42611896,0.053210794,335.9233405,1.154426141,2.413034069,1.548720482,23.88451444,8.651696316,4.190551181
462,Oude Schelde,osc,Scheldt-West,0.844710653,0.478815769,0.091772551,263.0199638,0.508658956,1.659297162,1.296873902,19.34001671,11.31687243,5.387830688
463,Oude Schelde,osc,Scheldt-West,0.812816173,0.401618377,0.078809233,225.3031557,0.771505767,1.485251744,1.493488459,20.23064655,11.48234482,5.528205128
464,Oude Schelde,osc,Scheldt-West,0.729149204,0.478703354,0.097029609,218.2238992,0.68047752,1.611893597,1.688903589,18.82913806,11.27214171,5.329565217
465,Oude Schelde,osc,Scheldt-West,1.053096178,0.386708746,0.067907136,281.8815874,0.544858324,2.135114677,1.853369643,16.71539961,10.57384545,5.791975309
466,Oude Schelde,osc,Scheldt-West,0.887583343,0.471864993,0.078107554,257.9074179,0.572885667,1.747064556,1.830602985,14.48483497,9.259259259,4.378389831
467,Oude Schelde,osc,Scheldt-West,0.653714318,0.467781581,0.052572001,181.8547122,0.402389928,1.313128259,1.167724135,16.66410177,6.416504224,7.560233918
468,Oude Schelde,osc,Scheldt-West,0.768811956,0.590799055,0.068721832,254.5668592,0.486525091,1.822723188,1.36322161,39.18295739,11.64021164,6.004571429
469,Oude Schelde,osc,Scheldt-West,0.800851691,0.597577103,0.088612798,291.4938671,0.57608066,2.193537896,1.686015553,23.46600332,9.76598489,4.531343284
470,Oude Schelde,osc,Scheldt-West,0.770701569,0.658678333,0.117791846,253.5458411,0.771870287,1.789335664,1.743430742,22.67176752,10.13623756,4.607048458
471,Oude Schelde,osc,Scheldt-West,1.11604951,0.701227317,0.118548762,328.307932,0.554668553,2.406408185,2.077026324,17.47495627,9.119391295,4.763141994
472,Oude Schelde,osc,Scheldt-West,1.398429284,0.722287722,0.086853775,414.9429795,0.497266324,3.110559558,1.818872076,12.49707602,9.135802469,4.238666667
473,Oude Schelde,osc,Scheldt-West,0.967589541,0.532699625,0.129538658,219.6453762,0.498983318,1.580113839,1.701513862,17.9881522,10.7022607,5.252380952
474,Oude Schelde,osc,Scheldt-West,0.920751124,0.604656264,0.10312919,230.7824168,0.629931285,1.557330121,1.437318329,20.77735322,10.60369503,5.401873536
475,Oude Schelde,osc,Scheldt-West,1.228311493,0.41424537,0.08934854,287.991406,0.558522878,2.256432429,2.613550923,18.89382547,10.82251082,5.865584416
476,Lede,led,Scheldt-West,1.305664887,0.649364442,0.164178474,250.9062607,0.9004644,1.940437369,1.854363048,16.89559817,11.48435257,5.482170543
477,Lede,led,Scheldt-West,1.051306084,0.984236164,0.076083811,373.4713516,0.769259455,3.086306006,1.835532097,43.49510139,9.980759981,6.283982684
478,Lede,led,Scheldt-West,1.443319958,0.907593519,0.04709985,376.3150914,0.531435099,3.524253817,1.927015525,58.62088376,12.95306001,6.430481283
479,Lede,led,Scheldt-West,1.327778954,0.782090182,0.083252872,409.3341451,0.628772308,3.49881365,2.172757642,25.32760473,8.88133031,5.414693878
480,Lede,led,Scheldt-West,0.98993936,0.406372548,0.184527267,293.412081,0.635573317,2.082050522,1.958015305,14.69298246,9.287488708,5.614634146
481,Lede,led,Scheldt-West,1.672557888,1.541208893,0.091054228,517.3613787,0.629208402,4.75838854,2.477189473,19.10685805,12.96296296,4.319584736
482,Lede,led,Scheldt-West,1.308557701,0.828337904,0.297050188,335.2921782,0.823215854,2.494848046,1.857742444,20.05675955,10.13071895,4.710588235
483,Lede,led,Scheldt-West,0.89255245,0.579014069,0.48327713,171.7979254,0.109331184,1.245712879,1.75934581,8.553606238,23.90946502,13.536
484,Lede,led,Scheldt-West,1.298090721,0.302919815,0.517559014,180.2639701,0.101186064,1.322164572,3.414371957,25.11128568,20.36115718,14.88358209
485,Lede,led,Scheldt-West,1.597808485,0.63088645,0.634251756,227.0324275,0.158589773,1.674003162,2.034508553,26.40564827,30.62330623,11.63871951
486,Lede,led,Scheldt-West,0.949178448,0.21128619,0.40125607,147.6874289,0.539679959,1.032935835,2.158915686,27.64282501,24.73092751,14.86153846
487,Lede,led,Scheldt-West,1.147058139,0.215222277,0.522578625,170.2882775,0.216740905,1.326717056,2.415396771,11.48531952,12.40165036,7.960103627
488,Lede,led,Scheldt-West,1.101007073,0.241962469,0.455440704,156.6938903,0.149524637,1.196197095,1.556910622,10.55856553,14.26334423,12.65294118
489,Lede,led,Scheldt-West,0.766679744,0.278116109,0.488379652,148.5345374,0.163273047,1.271811105,1.276129247,10.29473684,15.59259259,14.0904
490,Lede,led,Scheldt-West,1.101735504,0.274011428,0.596540374,152.1544453,0.124769334,1.497232014,2.60074251,21.40350877,17.99870045,11.91789474
491,Lede,led,Scheldt-West,2.501534588,0.325912111,1.170057566,352.393702,0.463226166,3.088174443,6.054835935,51.34186818,37.13713714,11.28378378
492,Lede,led,Scheldt-West,1.093374548,0.479577306,0.557764589,198.4211737,0.139464745,1.472127867,2.1987973,11.86740891,9.17022792,12.52211538
493,Lede,led,Scheldt-West,1.113798027,0.344209964,0.55921193,150.068193,0.182322974,1.400703485,2.668615071,15.05982081,11.24136369,10.66238532
494,Lede,led,Scheldt-West,1.100623959,0.347080233,0.481566483,163.7593372,0.238315407,1.258305348,2.55453462,32.47953216,17.34567901,14.70138889
495,Lede,led,Scheldt-West,1.222910352,0.602222984,0.718315725,242.7407848,0.196609381,1.404352724,4.898920636,39.00066622,35.16174402,11.36867089
496,Lede,led,Scheldt-West,1.012388276,0.174641241,0.462234625,166.1916253,0.159537447,0.988506537,2.169490312,22.0357395,15.56587547,9.986377709
497,Lede,led,Scheldt-West,1.029457541,0.228926698,0.402001674,153.7673057,0.123785349,0.907759227,2.186093476,25.3971543,18.11752698,13.47874016
498,Lede,led,Scheldt-West,1.489434279,0.46890163,0.650591094,229.4310542,0.128784612,1.493901495,3.427784883,28.07396871,38.31831832,10.58783784
499,Lede,led,Scheldt-West,1.314081319,0.323769295,0.54527403,180.9009168,0.200078493,1.179410065,3.433259188,34.08197217,15.6848659,12.39051724
500,Lede,led,Scheldt-West,0.903121536,0.543518339,0.468379342,230.7680349,0.195927657,1.418143039,3.986066539,13.58974359,25.92592593,11.55448718
501,Molenaarsdreefbeek,mdb,Scheldt-West,0.752647199,0.105657361,0.200774637,95.10227526,0.885709427,0.408788966,1.901114724,13.2815519,14.84744657,11.74361233
502,Molenaarsdreefbeek,mdb,Scheldt-West,0.778292489,0.142853865,0.215018893,100.7534445,0.151335198,0.563303237,1.95614931,13.86727689,5.770263017,13.91478261
503,Molenaarsdreefbeek,mdb,Scheldt-West,0.748319735,0.145558736,0.249925088,125.8189573,0.158312677,0.652440122,1.615065149,15.07177033,13.69463869,14.70839161
504,Molenaarsdreefbeek,mdb,Scheldt-West,0.778867511,0.130689914,0.214456994,96.76790957,0.105611786,0.265064876,1.719546256,11.38733932,9.06724697,11.22718894
505,Molenaarsdreefbeek,mdb,Scheldt-West,0.827700271,0.181703953,0.267261256,144.3883197,0.112286908,0.737062782,1.587125062,11.30681033,10.46223389,13.7976378
506,Molenaarsdreefbeek,mdb,Scheldt-West,0.793180555,0.141790569,0.181800906,95.31755318,0.156467472,,2.074596993,13.40715176,10.52418539,13.2147541
507,Molenaarsdreefbeek,mdb,Scheldt-West,0.659920388,0.22061284,0.283261901,154.5045285,0.087955669,0.492551745,1.112404661,11.24470659,7.343550447,14.83448276
508,Molenaarsdreefbeek,mdb,Scheldt-West,0.438367357,0.086408712,0.26181917,107.1629749,0.131923646,0.477437958,0.722878761,6.175252455,6.508497888,12.78143236
509,Molenaarsdreefbeek,mdb,Scheldt-West,0.554971785,0.179607687,0.154677021,135.9277854,0.091855023,0.255152843,0.912554142,5.449936629,11.82931981,15.0365019
510,Molenaarsdreefbeek,mdb,Scheldt-West,0.533802418,0.106599474,0.144206903,101.7518124,0.175666336,0.304488315,1.036494816,4.393184608,5.105928974,10.63703704
511,Molenaarsdreefbeek,mdb,Scheldt-West,0.677590224,0.239932358,0.278804648,112.4375676,0.092256949,0.47446431,1.268933929,19.46427583,10.13552985,14.49085174
512,Molenaarsdreefbeek,mdb,Scheldt-West,0.597811582,0.230717354,0.257235629,112.3425598,0.074682423,0.452620747,1.090929156,9.981506473,6.199219162,12.7025641
513,Molenaarsdreefbeek,mdb,Scheldt-West,0.58830962,0.231652568,0.193708751,110.4519798,0.063623763,0.26358416,0.991116207,12.73923445,9.785353535,16.82045455
514,Molenaarsdreefbeek,mdb,Scheldt-West,0.309527212,0.142648546,0.186748833,99.94705297,0.090995598,0.288152726,0.409755071,10.3601961,5.19630485,12.29237875
515,Molenaarsdreefbeek,mdb,Scheldt-West,0.102620189,0.104187065,0.207349447,111.905281,0.10945295,0.377719985,0.108460362,1.173680121,1.208667875,10.95944056
516,Molenaarsdreefbeek,mdb,Scheldt-West,0.632342079,0.201369586,0.370449217,141.1818367,0.106662519,0.450352859,0.939874565,7.354099535,5.706727135,13.90040816
517,Molenaarsdreefbeek,mdb,Scheldt-West,0.374838355,0.19318034,0.197159357,105.7474706,0.104073937,0.367319779,0.737777081,7.192087361,5.527210884,12.61377551
518,Molenaarsdreefbeek,mdb,Scheldt-West,0.737024597,0.168927413,0.199887296,107.0219201,0.141433561,0.395115979,1.914780303,8.426999703,7.313245449,15.2359322
519,Molenaarsdreefbeek,mdb,Scheldt-West,0.635551708,0.217773816,0.365105847,143.7837621,0.149529851,0.624702487,0.945576932,8.846850222,7.413997628,10.80640569
520,Molenaarsdreefbeek,mdb,Scheldt-West,0.740259125,0.210832894,0.181422487,109.3154331,0.100221239,0.31179941,1.693505086,16.96115288,14.98015873,16.18071429
521,Molenaarsdreefbeek,mdb,Scheldt-West,0.55135386,0.153345199,0.151593794,101.3708786,0.120032064,0.328508806,1.052770696,3.927656219,11.39200999,13.45955056
522,Molenaarsdreefbeek,mdb,Scheldt-West,0.32385719,0.093293319,0.196590808,87.90383488,0.086478182,NA,0.446751095,9.15761253,12.68493695,14.0766756
523,Molenaarsdreefbeek,mdb,Scheldt-West,0.393499794,0.09792289,0.236221461,90.96400041,0.13202845,0.418090093,0.615912721,5.653021442,3.899894727,14.21860465
524,Molenaarsdreefbeek,mdb,Scheldt-West,0.58560871,0.112664762,1.742612448,103.4718193,0.120257943,2.135105928,0.611854479,4.485955822,9.139320668,12.39015544
525,Molenaarsdreefbeek,mdb,Scheldt-West,0.432414953,0.126870216,0.151619367,77.17525582,0.11270217,0.23520453,0.806412613,4.411130285,4.781420765,12.65901639
